category,species,symbol,id,record_key,source_url,source_note,sequence,source_file,source_sha256,source_sheet,source_row,review_status
plants,Citrus sinensis,CYP71D415,dhCsi-CYP71B27-Cs4g09010.1,citrus-sinensis:Citrus sinensis CYP71 clan:0002,https://drnelson.uthsc.edu/Citrus.sinensis.P450s.xlsx,Workbook sheet Citrus sinensis CYP71 clan row 2; gene ID=dhCsi-CYP71B27-Cs4g09010.1; assigned CYP name=CYP71D415; source contains names/annotations only,,plants-Citrus.sinensis.P450s.xlsx,439b04b177dc4042ad5b25b22d7df0b4103208120eb011cb31644c1d756e7d16,Citrus sinensis CYP71 clan,2,sequence-missing
plants,Citrus sinensis,CYP71D416,dhCsi-CYP71D1-Cs1g04240.1,citrus-sinensis:Citrus sinensis CYP71 clan:0003,https://drnelson.uthsc.edu/Citrus.sinensis.P450s.xlsx,Workbook sheet Citrus sinensis CYP71 clan row 3; gene ID=dhCsi-CYP71D1-Cs1g04240.1; assigned CYP name=CYP71D416; source contains names/annotations only,,plants-Citrus.sinensis.P450s.xlsx,439b04b177dc4042ad5b25b22d7df0b4103208120eb011cb31644c1d756e7d16,Citrus sinensis CYP71 clan,3,sequence-missing
plants,Citrus sinensis,CYP71AH16,dhCsi-CYP71A19-Cs5g06380.1,citrus-sinensis:Citrus sinensis CYP71 clan:0004,https://drnelson.uthsc.edu/Citrus.sinensis.P450s.xlsx,Workbook sheet Citrus sinensis CYP71 clan row 4; gene ID=dhCsi-CYP71A19-Cs5g06380.1; assigned CYP name=CYP71AH16; source contains names/annotations only,,plants-Citrus.sinensis.P450s.xlsx,439b04b177dc4042ad5b25b22d7df0b4103208120eb011cb31644c1d756e7d16,Citrus sinensis CYP71 clan,4,sequence-missing
plants,Citrus sinensis,CYP71AN25,dhCsi-CYP71A12-Cs2g17110.1,citrus-sinensis:Citrus sinensis CYP71 clan:0005,https://drnelson.uthsc.edu/Citrus.sinensis.P450s.xlsx,Workbook sheet Citrus sinensis CYP71 clan row 5; gene ID=dhCsi-CYP71A12-Cs2g17110.1; assigned CYP name=CYP71AN25; source contains names/annotations only,,plants-Citrus.sinensis.P450s.xlsx,439b04b177dc4042ad5b25b22d7df0b4103208120eb011cb31644c1d756e7d16,Citrus sinensis CYP71 clan,5,sequence-missing
plants,Citrus sinensis,CYP71AN26,dhCsi-CYP71A23-Cs5g06310.1,citrus-sinensis:Citrus sinensis CYP71 clan:0006,https://drnelson.uthsc.edu/Citrus.sinensis.P450s.xlsx,Workbook sheet Citrus sinensis CYP71 clan row 6; gene ID=dhCsi-CYP71A23-Cs5g06310.1; assigned CYP name=CYP71AN26; source contains names/annotations only,,plants-Citrus.sinensis.P450s.xlsx,439b04b177dc4042ad5b25b22d7df0b4103208120eb011cb31644c1d756e7d16,Citrus sinensis CYP71 clan,6,sequence-missing
plants,Citrus sinensis,CYP71AN27,dhCsi-CYP71A13-Cs5g06320.1,citrus-sinensis:Citrus sinensis CYP71 clan:0007,https://drnelson.uthsc.edu/Citrus.sinensis.P450s.xlsx,Workbook sheet Citrus sinensis CYP71 clan row 7; gene ID=dhCsi-CYP71A13-Cs5g06320.1; assigned CYP name=CYP71AN27; source contains names/annotations only,,plants-Citrus.sinensis.P450s.xlsx,439b04b177dc4042ad5b25b22d7df0b4103208120eb011cb31644c1d756e7d16,Citrus sinensis CYP71 clan,7,sequence-missing
plants,Citrus sinensis,CYP71AN28,dhCsi-CYP71A14-Cs7g27010.1,citrus-sinensis:Citrus sinensis CYP71 clan:0008,https://drnelson.uthsc.edu/Citrus.sinensis.P450s.xlsx,Workbook sheet Citrus sinensis CYP71 clan row 8; gene ID=dhCsi-CYP71A14-Cs7g27010.1; assigned CYP name=CYP71AN28; source contains names/annotations only,,plants-Citrus.sinensis.P450s.xlsx,439b04b177dc4042ad5b25b22d7df0b4103208120eb011cb31644c1d756e7d16,Citrus sinensis CYP71 clan,8,sequence-missing
plants,Citrus sinensis,CYP71AN29P,dhCsi-CYP71A16-Cs7g27030.1,citrus-sinensis:Citrus sinensis CYP71 clan:0009,https://drnelson.uthsc.edu/Citrus.sinensis.P450s.xlsx,Workbook sheet Citrus sinensis CYP71 clan row 9; gene ID=dhCsi-CYP71A16-Cs7g27030.1; assigned CYP name=CYP71AN29P; source contains names/annotations only,,plants-Citrus.sinensis.P450s.xlsx,439b04b177dc4042ad5b25b22d7df0b4103208120eb011cb31644c1d756e7d16,Citrus sinensis CYP71 clan,9,sequence-missing
plants,Citrus sinensis,CYP71AN30,dhCsi-CYP71A21-Cs5g13940.1,citrus-sinensis:Citrus sinensis CYP71 clan:0010,https://drnelson.uthsc.edu/Citrus.sinensis.P450s.xlsx,Workbook sheet Citrus sinensis CYP71 clan row 10; gene ID=dhCsi-CYP71A21-Cs5g13940.1; assigned CYP name=CYP71AN30; source contains names/annotations only,,plants-Citrus.sinensis.P450s.xlsx,439b04b177dc4042ad5b25b22d7df0b4103208120eb011cb31644c1d756e7d16,Citrus sinensis CYP71 clan,10,sequence-missing
plants,Citrus sinensis,CYP71AN31,dhCsi-CYP71A18-Cs5g13970.1,citrus-sinensis:Citrus sinensis CYP71 clan:0011,https://drnelson.uthsc.edu/Citrus.sinensis.P450s.xlsx,Workbook sheet Citrus sinensis CYP71 clan row 11; gene ID=dhCsi-CYP71A18-Cs5g13970.1; assigned CYP name=CYP71AN31; source contains names/annotations only,,plants-Citrus.sinensis.P450s.xlsx,439b04b177dc4042ad5b25b22d7df0b4103208120eb011cb31644c1d756e7d16,Citrus sinensis CYP71 clan,11,sequence-missing
plants,Citrus sinensis,CYP71AN32,dhCsi-CYP71A15-Cs5g13980.1,citrus-sinensis:Citrus sinensis CYP71 clan:0012,https://drnelson.uthsc.edu/Citrus.sinensis.P450s.xlsx,Workbook sheet Citrus sinensis CYP71 clan row 12; gene ID=dhCsi-CYP71A15-Cs5g13980.1; assigned CYP name=CYP71AN32; source contains names/annotations only,,plants-Citrus.sinensis.P450s.xlsx,439b04b177dc4042ad5b25b22d7df0b4103208120eb011cb31644c1d756e7d16,Citrus sinensis CYP71 clan,12,sequence-missing
plants,Citrus sinensis,CYP71AN33,dhCsi-CYP71A17-Cs5g06280.1,citrus-sinensis:Citrus sinensis CYP71 clan:0013,https://drnelson.uthsc.edu/Citrus.sinensis.P450s.xlsx,Workbook sheet Citrus sinensis CYP71 clan row 13; gene ID=dhCsi-CYP71A17-Cs5g06280.1; assigned CYP name=CYP71AN33; source contains names/annotations only,,plants-Citrus.sinensis.P450s.xlsx,439b04b177dc4042ad5b25b22d7df0b4103208120eb011cb31644c1d756e7d16,Citrus sinensis CYP71 clan,13,sequence-missing
plants,Citrus sinensis,CYP71AP15,dhCsi-CYP71B30-Cs5g06360.1,citrus-sinensis:Citrus sinensis CYP71 clan:0014,https://drnelson.uthsc.edu/Citrus.sinensis.P450s.xlsx,Workbook sheet Citrus sinensis CYP71 clan row 14; gene ID=dhCsi-CYP71B30-Cs5g06360.1; assigned CYP name=CYP71AP15; source contains names/annotations only,,plants-Citrus.sinensis.P450s.xlsx,439b04b177dc4042ad5b25b22d7df0b4103208120eb011cb31644c1d756e7d16,Citrus sinensis CYP71 clan,14,sequence-missing
plants,Citrus sinensis,CYP71AQ15,dhCsi-CYP71A27-Cs5g06350.1,citrus-sinensis:Citrus sinensis CYP71 clan:0015,https://drnelson.uthsc.edu/Citrus.sinensis.P450s.xlsx,Workbook sheet Citrus sinensis CYP71 clan row 15; gene ID=dhCsi-CYP71A27-Cs5g06350.1; assigned CYP name=CYP71AQ15; source contains names/annotations only,,plants-Citrus.sinensis.P450s.xlsx,439b04b177dc4042ad5b25b22d7df0b4103208120eb011cb31644c1d756e7d16,Citrus sinensis CYP71 clan,15,sequence-missing
plants,Citrus sinensis,CYP71AS1,dhCsi-CYP71B10-Cs7g09630.1,citrus-sinensis:Citrus sinensis CYP71 clan:0016,https://drnelson.uthsc.edu/Citrus.sinensis.P450s.xlsx,Workbook sheet Citrus sinensis CYP71 clan row 16; gene ID=dhCsi-CYP71B10-Cs7g09630.1; assigned CYP name=CYP71AS1; source contains names/annotations only,,plants-Citrus.sinensis.P450s.xlsx,439b04b177dc4042ad5b25b22d7df0b4103208120eb011cb31644c1d756e7d16,Citrus sinensis CYP71 clan,16,sequence-missing
plants,Citrus sinensis,CYP71AS15,dhCsi-CYP71B37-Cs7g09640.1,citrus-sinensis:Citrus sinensis CYP71 clan:0017,https://drnelson.uthsc.edu/Citrus.sinensis.P450s.xlsx,Workbook sheet Citrus sinensis CYP71 clan row 17; gene ID=dhCsi-CYP71B37-Cs7g09640.1; assigned CYP name=CYP71AS15; source contains names/annotations only,,plants-Citrus.sinensis.P450s.xlsx,439b04b177dc4042ad5b25b22d7df0b4103208120eb011cb31644c1d756e7d16,Citrus sinensis CYP71 clan,17,sequence-missing
plants,Citrus sinensis,CYP71AS16,dhCsi-CYP71B35-Cs7g10570.1,citrus-sinensis:Citrus sinensis CYP71 clan:0018,https://drnelson.uthsc.edu/Citrus.sinensis.P450s.xlsx,Workbook sheet Citrus sinensis CYP71 clan row 18; gene ID=dhCsi-CYP71B35-Cs7g10570.1; assigned CYP name=CYP71AS16; source contains names/annotations only,,plants-Citrus.sinensis.P450s.xlsx,439b04b177dc4042ad5b25b22d7df0b4103208120eb011cb31644c1d756e7d16,Citrus sinensis CYP71 clan,18,sequence-missing
plants,Citrus sinensis,CYP71AU54,dhCsi-CYP71A22-orange1.1t00025.1,citrus-sinensis:Citrus sinensis CYP71 clan:0019,https://drnelson.uthsc.edu/Citrus.sinensis.P450s.xlsx,Workbook sheet Citrus sinensis CYP71 clan row 19; gene ID=dhCsi-CYP71A22-orange1.1t00025.1; assigned CYP name=CYP71AU54; source contains names/annotations only,,plants-Citrus.sinensis.P450s.xlsx,439b04b177dc4042ad5b25b22d7df0b4103208120eb011cb31644c1d756e7d16,Citrus sinensis CYP71 clan,19,sequence-missing
plants,Citrus sinensis,CYP71AU55,dhCsi-CYP71A26-orange1.1t03684.1,citrus-sinensis:Citrus sinensis CYP71 clan:0020,https://drnelson.uthsc.edu/Citrus.sinensis.P450s.xlsx,Workbook sheet Citrus sinensis CYP71 clan row 20; gene ID=dhCsi-CYP71A26-orange1.1t03684.1; assigned CYP name=CYP71AU55; source contains names/annotations only,,plants-Citrus.sinensis.P450s.xlsx,439b04b177dc4042ad5b25b22d7df0b4103208120eb011cb31644c1d756e7d16,Citrus sinensis CYP71 clan,20,sequence-missing
plants,Citrus sinensis,CYP71BE38,dhCsi-CYP71B13-Cs4g09020.1,citrus-sinensis:Citrus sinensis CYP71 clan:0021,https://drnelson.uthsc.edu/Citrus.sinensis.P450s.xlsx,Workbook sheet Citrus sinensis CYP71 clan row 21; gene ID=dhCsi-CYP71B13-Cs4g09020.1; assigned CYP name=CYP71BE38; source contains names/annotations only,,plants-Citrus.sinensis.P450s.xlsx,439b04b177dc4042ad5b25b22d7df0b4103208120eb011cb31644c1d756e7d16,Citrus sinensis CYP71 clan,21,sequence-missing
plants,Citrus sinensis,CYP71BE39,dhCsi-CYP71B36-Cs4g09040.1,citrus-sinensis:Citrus sinensis CYP71 clan:0022,https://drnelson.uthsc.edu/Citrus.sinensis.P450s.xlsx,Workbook sheet Citrus sinensis CYP71 clan row 22; gene ID=dhCsi-CYP71B36-Cs4g09040.1; assigned CYP name=CYP71BE39; source contains names/annotations only,,plants-Citrus.sinensis.P450s.xlsx,439b04b177dc4042ad5b25b22d7df0b4103208120eb011cb31644c1d756e7d16,Citrus sinensis CYP71 clan,22,sequence-missing
plants,Citrus sinensis,CYP71BE40,dhCsi-CYP71B6-Cs4g09050.1,citrus-sinensis:Citrus sinensis CYP71 clan:0023,https://drnelson.uthsc.edu/Citrus.sinensis.P450s.xlsx,Workbook sheet Citrus sinensis CYP71 clan row 23; gene ID=dhCsi-CYP71B6-Cs4g09050.1; assigned CYP name=CYP71BE40; source contains names/annotations only,,plants-Citrus.sinensis.P450s.xlsx,439b04b177dc4042ad5b25b22d7df0b4103208120eb011cb31644c1d756e7d16,Citrus sinensis CYP71 clan,23,sequence-missing
plants,Citrus sinensis,CYP71BE41,dhCsi-CYP71C1-Cs4g09080.1,citrus-sinensis:Citrus sinensis CYP71 clan:0024,https://drnelson.uthsc.edu/Citrus.sinensis.P450s.xlsx,Workbook sheet Citrus sinensis CYP71 clan row 24; gene ID=dhCsi-CYP71C1-Cs4g09080.1; assigned CYP name=CYP71BE41; source contains names/annotations only,,plants-Citrus.sinensis.P450s.xlsx,439b04b177dc4042ad5b25b22d7df0b4103208120eb011cb31644c1d756e7d16,Citrus sinensis CYP71 clan,24,sequence-missing
plants,Citrus sinensis,CYP71BE42,dhCsi-CYP71B38-Cs4g09090.1,citrus-sinensis:Citrus sinensis CYP71 clan:0025,https://drnelson.uthsc.edu/Citrus.sinensis.P450s.xlsx,Workbook sheet Citrus sinensis CYP71 clan row 25; gene ID=dhCsi-CYP71B38-Cs4g09090.1; assigned CYP name=CYP71BE42; source contains names/annotations only,,plants-Citrus.sinensis.P450s.xlsx,439b04b177dc4042ad5b25b22d7df0b4103208120eb011cb31644c1d756e7d16,Citrus sinensis CYP71 clan,25,sequence-missing
plants,Citrus sinensis,CYP71BE43,dhCsi-CYP71B33-Cs4g09100.1,citrus-sinensis:Citrus sinensis CYP71 clan:0026,https://drnelson.uthsc.edu/Citrus.sinensis.P450s.xlsx,Workbook sheet Citrus sinensis CYP71 clan row 26; gene ID=dhCsi-CYP71B33-Cs4g09100.1; assigned CYP name=CYP71BE43; source contains names/annotations only,,plants-Citrus.sinensis.P450s.xlsx,439b04b177dc4042ad5b25b22d7df0b4103208120eb011cb31644c1d756e7d16,Citrus sinensis CYP71 clan,26,sequence-missing
plants,Citrus sinensis,CYP71BE44,dhCsi-CYP71B23-Cs4g09110.1,citrus-sinensis:Citrus sinensis CYP71 clan:0027,https://drnelson.uthsc.edu/Citrus.sinensis.P450s.xlsx,Workbook sheet Citrus sinensis CYP71 clan row 27; gene ID=dhCsi-CYP71B23-Cs4g09110.1; assigned CYP name=CYP71BE44; source contains names/annotations only,,plants-Citrus.sinensis.P450s.xlsx,439b04b177dc4042ad5b25b22d7df0b4103208120eb011cb31644c1d756e7d16,Citrus sinensis CYP71 clan,27,sequence-missing
plants,Citrus sinensis,CYP71BE45,dhCsi-CYP71B30P-orange1.1t02944.1,citrus-sinensis:Citrus sinensis CYP71 clan:0028,https://drnelson.uthsc.edu/Citrus.sinensis.P450s.xlsx,Workbook sheet Citrus sinensis CYP71 clan row 28; gene ID=dhCsi-CYP71B30P-orange1.1t02944.1; assigned CYP name=CYP71BE45; source contains names/annotations only,,plants-Citrus.sinensis.P450s.xlsx,439b04b177dc4042ad5b25b22d7df0b4103208120eb011cb31644c1d756e7d16,Citrus sinensis CYP71 clan,28,sequence-missing
plants,Citrus sinensis,CYP71BE46,dhCsi-CYP71C2-Cs7g29720.1,citrus-sinensis:Citrus sinensis CYP71 clan:0029,https://drnelson.uthsc.edu/Citrus.sinensis.P450s.xlsx,Workbook sheet Citrus sinensis CYP71 clan row 29; gene ID=dhCsi-CYP71C2-Cs7g29720.1; assigned CYP name=CYP71BE46; source contains names/annotations only,,plants-Citrus.sinensis.P450s.xlsx,439b04b177dc4042ad5b25b22d7df0b4103208120eb011cb31644c1d756e7d16,Citrus sinensis CYP71 clan,29,sequence-missing
plants,Citrus sinensis,CYP71BF11,dhCsi-CYP71A25-Cs5g22050.1,citrus-sinensis:Citrus sinensis CYP71 clan:0030,https://drnelson.uthsc.edu/Citrus.sinensis.P450s.xlsx,Workbook sheet Citrus sinensis CYP71 clan row 30; gene ID=dhCsi-CYP71A25-Cs5g22050.1; assigned CYP name=CYP71BF11; source contains names/annotations only,,plants-Citrus.sinensis.P450s.xlsx,439b04b177dc4042ad5b25b22d7df0b4103208120eb011cb31644c1d756e7d16,Citrus sinensis CYP71 clan,30,sequence-missing
plants,Citrus sinensis,CYP71BG4,dhCsi-CYP71C3-Cs7g10050.1,citrus-sinensis:Citrus sinensis CYP71 clan:0031,https://drnelson.uthsc.edu/Citrus.sinensis.P450s.xlsx,Workbook sheet Citrus sinensis CYP71 clan row 31; gene ID=dhCsi-CYP71C3-Cs7g10050.1; assigned CYP name=CYP71BG4; source contains names/annotations only,,plants-Citrus.sinensis.P450s.xlsx,439b04b177dc4042ad5b25b22d7df0b4103208120eb011cb31644c1d756e7d16,Citrus sinensis CYP71 clan,31,sequence-missing
plants,Citrus sinensis,CYP71BG8,dhCsi-CYP71C7-Cs3g01130.1,citrus-sinensis:Citrus sinensis CYP71 clan:0032,https://drnelson.uthsc.edu/Citrus.sinensis.P450s.xlsx,Workbook sheet Citrus sinensis CYP71 clan row 32; gene ID=dhCsi-CYP71C7-Cs3g01130.1; assigned CYP name=CYP71BG8; source contains names/annotations only,,plants-Citrus.sinensis.P450s.xlsx,439b04b177dc4042ad5b25b22d7df0b4103208120eb011cb31644c1d756e7d16,Citrus sinensis CYP71 clan,32,sequence-missing
plants,Citrus sinensis,CYP71BQ2,dhCsi-CYP71B34-Cs2g18790.1,citrus-sinensis:Citrus sinensis CYP71 clan:0033,https://drnelson.uthsc.edu/Citrus.sinensis.P450s.xlsx,Workbook sheet Citrus sinensis CYP71 clan row 33; gene ID=dhCsi-CYP71B34-Cs2g18790.1; assigned CYP name=CYP71BQ2; source contains names/annotations only,,plants-Citrus.sinensis.P450s.xlsx,439b04b177dc4042ad5b25b22d7df0b4103208120eb011cb31644c1d756e7d16,Citrus sinensis CYP71 clan,33,sequence-missing
plants,Citrus sinensis,CYP71BQ3,dhCsi-CYP71B31-Cs2g19560.1,citrus-sinensis:Citrus sinensis CYP71 clan:0034,https://drnelson.uthsc.edu/Citrus.sinensis.P450s.xlsx,Workbook sheet Citrus sinensis CYP71 clan row 34; gene ID=dhCsi-CYP71B31-Cs2g19560.1; assigned CYP name=CYP71BQ3; source contains names/annotations only,,plants-Citrus.sinensis.P450s.xlsx,439b04b177dc4042ad5b25b22d7df0b4103208120eb011cb31644c1d756e7d16,Citrus sinensis CYP71 clan,34,sequence-missing
plants,Citrus sinensis,CYP71BQ4,dhCsi-CYP71B25-Cs2g19590.1,citrus-sinensis:Citrus sinensis CYP71 clan:0035,https://drnelson.uthsc.edu/Citrus.sinensis.P450s.xlsx,Workbook sheet Citrus sinensis CYP71 clan row 35; gene ID=dhCsi-CYP71B25-Cs2g19590.1; assigned CYP name=CYP71BQ4; source contains names/annotations only,,plants-Citrus.sinensis.P450s.xlsx,439b04b177dc4042ad5b25b22d7df0b4103208120eb011cb31644c1d756e7d16,Citrus sinensis CYP71 clan,35,sequence-missing
plants,Citrus sinensis,CYP71CD1,dhCsi-CYP71C5-Cs2g01910.1,citrus-sinensis:Citrus sinensis CYP71 clan:0036,https://drnelson.uthsc.edu/Citrus.sinensis.P450s.xlsx,Workbook sheet Citrus sinensis CYP71 clan row 36; gene ID=dhCsi-CYP71C5-Cs2g01910.1; assigned CYP name=CYP71CD1; source contains names/annotations only,,plants-Citrus.sinensis.P450s.xlsx,439b04b177dc4042ad5b25b22d7df0b4103208120eb011cb31644c1d756e7d16,Citrus sinensis CYP71 clan,36,sequence-missing
plants,Citrus sinensis,CYP71CE1,dhCsi-CYP71A20-Cs5g06390.1,citrus-sinensis:Citrus sinensis CYP71 clan:0037,https://drnelson.uthsc.edu/Citrus.sinensis.P450s.xlsx,Workbook sheet Citrus sinensis CYP71 clan row 37; gene ID=dhCsi-CYP71A20-Cs5g06390.1; assigned CYP name=CYP71CE1; source contains names/annotations only,,plants-Citrus.sinensis.P450s.xlsx,439b04b177dc4042ad5b25b22d7df0b4103208120eb011cb31644c1d756e7d16,Citrus sinensis CYP71 clan,37,sequence-missing
plants,Citrus sinensis,CYP73A29,dhCsi-CYP73A6-Cs4g04530.1,citrus-sinensis:Citrus sinensis CYP71 clan:0038,https://drnelson.uthsc.edu/Citrus.sinensis.P450s.xlsx,Workbook sheet Citrus sinensis CYP71 clan row 38; gene ID=dhCsi-CYP73A6-Cs4g04530.1; assigned CYP name=CYP73A29; source contains names/annotations only,,plants-Citrus.sinensis.P450s.xlsx,439b04b177dc4042ad5b25b22d7df0b4103208120eb011cb31644c1d756e7d16,Citrus sinensis CYP71 clan,38,sequence-missing
plants,Citrus sinensis,CYP73A37,dhCsi-CYP73A5-Cs1g08620.1,citrus-sinensis:Citrus sinensis CYP71 clan:0039,https://drnelson.uthsc.edu/Citrus.sinensis.P450s.xlsx,Workbook sheet Citrus sinensis CYP71 clan row 39; gene ID=dhCsi-CYP73A5-Cs1g08620.1; assigned CYP name=CYP73A37; source contains names/annotations only,,plants-Citrus.sinensis.P450s.xlsx,439b04b177dc4042ad5b25b22d7df0b4103208120eb011cb31644c1d756e7d16,Citrus sinensis CYP71 clan,39,sequence-missing
plants,Citrus sinensis,CYP75A58,dhCsi-CYP75B2-Cs2g29510.1,citrus-sinensis:Citrus sinensis CYP71 clan:0040,https://drnelson.uthsc.edu/Citrus.sinensis.P450s.xlsx,Workbook sheet Citrus sinensis CYP71 clan row 40; gene ID=dhCsi-CYP75B2-Cs2g29510.1; assigned CYP name=CYP75A58; source contains names/annotations only,,plants-Citrus.sinensis.P450s.xlsx,439b04b177dc4042ad5b25b22d7df0b4103208120eb011cb31644c1d756e7d16,Citrus sinensis CYP71 clan,40,sequence-missing
plants,Citrus sinensis,CYP75B81,dhCsi-CYP75B1-Cs5g11730.1,citrus-sinensis:Citrus sinensis CYP71 clan:0041,https://drnelson.uthsc.edu/Citrus.sinensis.P450s.xlsx,Workbook sheet Citrus sinensis CYP71 clan row 41; gene ID=dhCsi-CYP75B1-Cs5g11730.1; assigned CYP name=CYP75B81; source contains names/annotations only,,plants-Citrus.sinensis.P450s.xlsx,439b04b177dc4042ad5b25b22d7df0b4103208120eb011cb31644c1d756e7d16,Citrus sinensis CYP71 clan,41,sequence-missing
plants,Citrus sinensis,CYP76A37,dhCsi-CYP76G3-Cs6g15610.1,citrus-sinensis:Citrus sinensis CYP71 clan:0042,https://drnelson.uthsc.edu/Citrus.sinensis.P450s.xlsx,Workbook sheet Citrus sinensis CYP71 clan row 42; gene ID=dhCsi-CYP76G3-Cs6g15610.1; assigned CYP name=CYP76A37; source contains names/annotations only,,plants-Citrus.sinensis.P450s.xlsx,439b04b177dc4042ad5b25b22d7df0b4103208120eb011cb31644c1d756e7d16,Citrus sinensis CYP71 clan,42,sequence-missing
plants,Citrus sinensis,CYP76A38,dhCsi-CYP76G2-Cs6g15620.1,citrus-sinensis:Citrus sinensis CYP71 clan:0043,https://drnelson.uthsc.edu/Citrus.sinensis.P450s.xlsx,Workbook sheet Citrus sinensis CYP71 clan row 43; gene ID=dhCsi-CYP76G2-Cs6g15620.1; assigned CYP name=CYP76A38; source contains names/annotations only,,plants-Citrus.sinensis.P450s.xlsx,439b04b177dc4042ad5b25b22d7df0b4103208120eb011cb31644c1d756e7d16,Citrus sinensis CYP71 clan,43,sequence-missing
plants,Citrus sinensis,CYP76F46,dhCsi-CYP76C4-Cs4g14140.1,citrus-sinensis:Citrus sinensis CYP71 clan:0044,https://drnelson.uthsc.edu/Citrus.sinensis.P450s.xlsx,Workbook sheet Citrus sinensis CYP71 clan row 44; gene ID=dhCsi-CYP76C4-Cs4g14140.1; assigned CYP name=CYP76F46; source contains names/annotations only,,plants-Citrus.sinensis.P450s.xlsx,439b04b177dc4042ad5b25b22d7df0b4103208120eb011cb31644c1d756e7d16,Citrus sinensis CYP71 clan,44,sequence-missing
plants,Citrus sinensis,CYP76F47,dhCsi-CYP76C6-Cs4g14130.1,citrus-sinensis:Citrus sinensis CYP71 clan:0045,https://drnelson.uthsc.edu/Citrus.sinensis.P450s.xlsx,Workbook sheet Citrus sinensis CYP71 clan row 45; gene ID=dhCsi-CYP76C6-Cs4g14130.1; assigned CYP name=CYP76F47; source contains names/annotations only,,plants-Citrus.sinensis.P450s.xlsx,439b04b177dc4042ad5b25b22d7df0b4103208120eb011cb31644c1d756e7d16,Citrus sinensis CYP71 clan,45,sequence-missing
plants,Citrus sinensis,CYP76F48,dhCsi-CYP76C2-Cs8g09720.1,citrus-sinensis:Citrus sinensis CYP71 clan:0046,https://drnelson.uthsc.edu/Citrus.sinensis.P450s.xlsx,Workbook sheet Citrus sinensis CYP71 clan row 46; gene ID=dhCsi-CYP76C2-Cs8g09720.1; assigned CYP name=CYP76F48; source contains names/annotations only,,plants-Citrus.sinensis.P450s.xlsx,439b04b177dc4042ad5b25b22d7df0b4103208120eb011cb31644c1d756e7d16,Citrus sinensis CYP71 clan,46,sequence-missing
plants,Citrus sinensis,CYP76F49,dhCsi-CYP76D4-Cs8g09730.1,citrus-sinensis:Citrus sinensis CYP71 clan:0047,https://drnelson.uthsc.edu/Citrus.sinensis.P450s.xlsx,Workbook sheet Citrus sinensis CYP71 clan row 47; gene ID=dhCsi-CYP76D4-Cs8g09730.1; assigned CYP name=CYP76F49; source contains names/annotations only,,plants-Citrus.sinensis.P450s.xlsx,439b04b177dc4042ad5b25b22d7df0b4103208120eb011cb31644c1d756e7d16,Citrus sinensis CYP71 clan,47,sequence-missing
plants,Citrus sinensis,CYP76F50,dhCsi-CYP76D1-Cs8g09780.1,citrus-sinensis:Citrus sinensis CYP71 clan:0048,https://drnelson.uthsc.edu/Citrus.sinensis.P450s.xlsx,Workbook sheet Citrus sinensis CYP71 clan row 48; gene ID=dhCsi-CYP76D1-Cs8g09780.1; assigned CYP name=CYP76F50; source contains names/annotations only,,plants-Citrus.sinensis.P450s.xlsx,439b04b177dc4042ad5b25b22d7df0b4103208120eb011cb31644c1d756e7d16,Citrus sinensis CYP71 clan,48,sequence-missing
plants,Citrus sinensis,CYP76F51,dhCsi-CYP76D6-Cs5g09860.1,citrus-sinensis:Citrus sinensis CYP71 clan:0049,https://drnelson.uthsc.edu/Citrus.sinensis.P450s.xlsx,Workbook sheet Citrus sinensis CYP71 clan row 49; gene ID=dhCsi-CYP76D6-Cs5g09860.1; assigned CYP name=CYP76F51; source contains names/annotations only,,plants-Citrus.sinensis.P450s.xlsx,439b04b177dc4042ad5b25b22d7df0b4103208120eb011cb31644c1d756e7d16,Citrus sinensis CYP71 clan,49,sequence-missing
plants,Citrus sinensis,CYP76F52,dhCsi-CYP76D5-Cs5g09870.1,citrus-sinensis:Citrus sinensis CYP71 clan:0050,https://drnelson.uthsc.edu/Citrus.sinensis.P450s.xlsx,Workbook sheet Citrus sinensis CYP71 clan row 50; gene ID=dhCsi-CYP76D5-Cs5g09870.1; assigned CYP name=CYP76F52; source contains names/annotations only,,plants-Citrus.sinensis.P450s.xlsx,439b04b177dc4042ad5b25b22d7df0b4103208120eb011cb31644c1d756e7d16,Citrus sinensis CYP71 clan,50,sequence-missing
plants,Citrus sinensis,CYP76F53,dhCsi-CYP76C3-Cs5g09880.1,citrus-sinensis:Citrus sinensis CYP71 clan:0051,https://drnelson.uthsc.edu/Citrus.sinensis.P450s.xlsx,Workbook sheet Citrus sinensis CYP71 clan row 51; gene ID=dhCsi-CYP76C3-Cs5g09880.1; assigned CYP name=CYP76F53; source contains names/annotations only,,plants-Citrus.sinensis.P450s.xlsx,439b04b177dc4042ad5b25b22d7df0b4103208120eb011cb31644c1d756e7d16,Citrus sinensis CYP71 clan,51,sequence-missing
plants,Citrus sinensis,CYP76F54,dhCsi-CYP76E3-Cs8g09390.1,citrus-sinensis:Citrus sinensis CYP71 clan:0052,https://drnelson.uthsc.edu/Citrus.sinensis.P450s.xlsx,Workbook sheet Citrus sinensis CYP71 clan row 52; gene ID=dhCsi-CYP76E3-Cs8g09390.1; assigned CYP name=CYP76F54; source contains names/annotations only,,plants-Citrus.sinensis.P450s.xlsx,439b04b177dc4042ad5b25b22d7df0b4103208120eb011cb31644c1d756e7d16,Citrus sinensis CYP71 clan,52,sequence-missing
plants,Citrus sinensis,CYP76F56,dhCsi-CYP76D7-Cs8g09480.1,citrus-sinensis:Citrus sinensis CYP71 clan:0053,https://drnelson.uthsc.edu/Citrus.sinensis.P450s.xlsx,Workbook sheet Citrus sinensis CYP71 clan row 53; gene ID=dhCsi-CYP76D7-Cs8g09480.1; assigned CYP name=CYP76F56; source contains names/annotations only,,plants-Citrus.sinensis.P450s.xlsx,439b04b177dc4042ad5b25b22d7df0b4103208120eb011cb31644c1d756e7d16,Citrus sinensis CYP71 clan,53,sequence-missing
plants,Citrus sinensis,CYP76F57,dhCsi-CYP76E4-Cs8g12530.1,citrus-sinensis:Citrus sinensis CYP71 clan:0054,https://drnelson.uthsc.edu/Citrus.sinensis.P450s.xlsx,Workbook sheet Citrus sinensis CYP71 clan row 54; gene ID=dhCsi-CYP76E4-Cs8g12530.1; assigned CYP name=CYP76F57; source contains names/annotations only,,plants-Citrus.sinensis.P450s.xlsx,439b04b177dc4042ad5b25b22d7df0b4103208120eb011cb31644c1d756e7d16,Citrus sinensis CYP71 clan,54,sequence-missing
plants,Citrus sinensis,CYP76F58,dhCsi-CYP76C5-orange1.1t03997.1,citrus-sinensis:Citrus sinensis CYP71 clan:0055,https://drnelson.uthsc.edu/Citrus.sinensis.P450s.xlsx,Workbook sheet Citrus sinensis CYP71 clan row 55; gene ID=dhCsi-CYP76C5-orange1.1t03997.1; assigned CYP name=CYP76F58; source contains names/annotations only,,plants-Citrus.sinensis.P450s.xlsx,439b04b177dc4042ad5b25b22d7df0b4103208120eb011cb31644c1d756e7d16,Citrus sinensis CYP71 clan,55,sequence-missing
plants,Citrus sinensis,CYP76F59,dhCsi-CYP76E1-orange1.1t03998.1,citrus-sinensis:Citrus sinensis CYP71 clan:0056,https://drnelson.uthsc.edu/Citrus.sinensis.P450s.xlsx,Workbook sheet Citrus sinensis CYP71 clan row 56; gene ID=dhCsi-CYP76E1-orange1.1t03998.1; assigned CYP name=CYP76F59; source contains names/annotations only,,plants-Citrus.sinensis.P450s.xlsx,439b04b177dc4042ad5b25b22d7df0b4103208120eb011cb31644c1d756e7d16,Citrus sinensis CYP71 clan,56,sequence-missing
plants,Citrus sinensis,CYP76F60,dhCsi-CYP76C7-orange1.1t04132.1,citrus-sinensis:Citrus sinensis CYP71 clan:0057,https://drnelson.uthsc.edu/Citrus.sinensis.P450s.xlsx,Workbook sheet Citrus sinensis CYP71 clan row 57; gene ID=dhCsi-CYP76C7-orange1.1t04132.1; assigned CYP name=CYP76F60; source contains names/annotations only,,plants-Citrus.sinensis.P450s.xlsx,439b04b177dc4042ad5b25b22d7df0b4103208120eb011cb31644c1d756e7d16,Citrus sinensis CYP71 clan,57,sequence-missing
plants,Citrus sinensis,CYP76F61,dhCsi-CYP76D3-orange1.1t04139.1,citrus-sinensis:Citrus sinensis CYP71 clan:0058,https://drnelson.uthsc.edu/Citrus.sinensis.P450s.xlsx,Workbook sheet Citrus sinensis CYP71 clan row 58; gene ID=dhCsi-CYP76D3-orange1.1t04139.1; assigned CYP name=CYP76F61; source contains names/annotations only,,plants-Citrus.sinensis.P450s.xlsx,439b04b177dc4042ad5b25b22d7df0b4103208120eb011cb31644c1d756e7d16,Citrus sinensis CYP71 clan,58,sequence-missing
plants,Citrus sinensis,CYP76F62,dhCsi-CYP76E2-orange1.1t04372.1,citrus-sinensis:Citrus sinensis CYP71 clan:0059,https://drnelson.uthsc.edu/Citrus.sinensis.P450s.xlsx,Workbook sheet Citrus sinensis CYP71 clan row 59; gene ID=dhCsi-CYP76E2-orange1.1t04372.1; assigned CYP name=CYP76F62; source contains names/annotations only,,plants-Citrus.sinensis.P450s.xlsx,439b04b177dc4042ad5b25b22d7df0b4103208120eb011cb31644c1d756e7d16,Citrus sinensis CYP71 clan,59,sequence-missing
plants,Citrus sinensis,CYP76F63,dhCsi-CYP76E6-orange1.1t04771.1,citrus-sinensis:Citrus sinensis CYP71 clan:0060,https://drnelson.uthsc.edu/Citrus.sinensis.P450s.xlsx,Workbook sheet Citrus sinensis CYP71 clan row 60; gene ID=dhCsi-CYP76E6-orange1.1t04771.1; assigned CYP name=CYP76F63; source contains names/annotations only,,plants-Citrus.sinensis.P450s.xlsx,439b04b177dc4042ad5b25b22d7df0b4103208120eb011cb31644c1d756e7d16,Citrus sinensis CYP71 clan,60,sequence-missing
plants,Citrus sinensis,CYP76G17,dhCsi-CYP76G1-Cs6g15630.1,citrus-sinensis:Citrus sinensis CYP71 clan:0061,https://drnelson.uthsc.edu/Citrus.sinensis.P450s.xlsx,Workbook sheet Citrus sinensis CYP71 clan row 61; gene ID=dhCsi-CYP76G1-Cs6g15630.1; assigned CYP name=CYP76G17; source contains names/annotations only,,plants-Citrus.sinensis.P450s.xlsx,439b04b177dc4042ad5b25b22d7df0b4103208120eb011cb31644c1d756e7d16,Citrus sinensis CYP71 clan,61,sequence-missing
plants,Citrus sinensis,CYP77A13,dhCsi-CYP77A4-orange1.1t01519.1,citrus-sinensis:Citrus sinensis CYP71 clan:0062,https://drnelson.uthsc.edu/Citrus.sinensis.P450s.xlsx,Workbook sheet Citrus sinensis CYP71 clan row 62; gene ID=dhCsi-CYP77A4-orange1.1t01519.1; assigned CYP name=CYP77A13; source contains names/annotations only,,plants-Citrus.sinensis.P450s.xlsx,439b04b177dc4042ad5b25b22d7df0b4103208120eb011cb31644c1d756e7d16,Citrus sinensis CYP71 clan,62,sequence-missing
plants,Citrus sinensis,CYP77B19,dhCsi-CYP77B1-Cs2g07770.1,citrus-sinensis:Citrus sinensis CYP71 clan:0063,https://drnelson.uthsc.edu/Citrus.sinensis.P450s.xlsx,Workbook sheet Citrus sinensis CYP71 clan row 63; gene ID=dhCsi-CYP77B1-Cs2g07770.1; assigned CYP name=CYP77B19; source contains names/annotations only,,plants-Citrus.sinensis.P450s.xlsx,439b04b177dc4042ad5b25b22d7df0b4103208120eb011cb31644c1d756e7d16,Citrus sinensis CYP71 clan,63,sequence-missing
plants,Citrus sinensis,CYP78A117,dhCsi-CYP78A8-Cs3g22160.1,citrus-sinensis:Citrus sinensis CYP71 clan:0064,https://drnelson.uthsc.edu/Citrus.sinensis.P450s.xlsx,Workbook sheet Citrus sinensis CYP71 clan row 64; gene ID=dhCsi-CYP78A8-Cs3g22160.1; assigned CYP name=CYP78A117; source contains names/annotations only,,plants-Citrus.sinensis.P450s.xlsx,439b04b177dc4042ad5b25b22d7df0b4103208120eb011cb31644c1d756e7d16,Citrus sinensis CYP71 clan,64,sequence-missing
plants,Citrus sinensis,CYP78A118,dhCsi-CYP78A6-Cs5g01500.1,citrus-sinensis:Citrus sinensis CYP71 clan:0065,https://drnelson.uthsc.edu/Citrus.sinensis.P450s.xlsx,Workbook sheet Citrus sinensis CYP71 clan row 65; gene ID=dhCsi-CYP78A6-Cs5g01500.1; assigned CYP name=CYP78A118; source contains names/annotations only,,plants-Citrus.sinensis.P450s.xlsx,439b04b177dc4042ad5b25b22d7df0b4103208120eb011cb31644c1d756e7d16,Citrus sinensis CYP71 clan,65,sequence-missing
plants,Citrus sinensis,CYP78A119,dhCsi-CYP78A10-Cs5g12160.1,citrus-sinensis:Citrus sinensis CYP71 clan:0066,https://drnelson.uthsc.edu/Citrus.sinensis.P450s.xlsx,Workbook sheet Citrus sinensis CYP71 clan row 66; gene ID=dhCsi-CYP78A10-Cs5g12160.1; assigned CYP name=CYP78A119; source contains names/annotations only,,plants-Citrus.sinensis.P450s.xlsx,439b04b177dc4042ad5b25b22d7df0b4103208120eb011cb31644c1d756e7d16,Citrus sinensis CYP71 clan,66,sequence-missing
plants,Citrus sinensis,CYP78A120,dhCsi-CYP78A4-Cs7g10680.1,citrus-sinensis:Citrus sinensis CYP71 clan:0067,https://drnelson.uthsc.edu/Citrus.sinensis.P450s.xlsx,Workbook sheet Citrus sinensis CYP71 clan row 67; gene ID=dhCsi-CYP78A4-Cs7g10680.1; assigned CYP name=CYP78A120; source contains names/annotations only,,plants-Citrus.sinensis.P450s.xlsx,439b04b177dc4042ad5b25b22d7df0b4103208120eb011cb31644c1d756e7d16,Citrus sinensis CYP71 clan,67,sequence-missing
plants,Citrus sinensis,CYP78A121,dhCsi-CYP78A5-Cs7g11300.1,citrus-sinensis:Citrus sinensis CYP71 clan:0068,https://drnelson.uthsc.edu/Citrus.sinensis.P450s.xlsx,Workbook sheet Citrus sinensis CYP71 clan row 68; gene ID=dhCsi-CYP78A5-Cs7g11300.1; assigned CYP name=CYP78A121; source contains names/annotations only,,plants-Citrus.sinensis.P450s.xlsx,439b04b177dc4042ad5b25b22d7df0b4103208120eb011cb31644c1d756e7d16,Citrus sinensis CYP71 clan,68,sequence-missing
plants,Citrus sinensis,CYP78A122,dhCsi-CYP78A9-orange1.1t00542.1,citrus-sinensis:Citrus sinensis CYP71 clan:0069,https://drnelson.uthsc.edu/Citrus.sinensis.P450s.xlsx,Workbook sheet Citrus sinensis CYP71 clan row 69; gene ID=dhCsi-CYP78A9-orange1.1t00542.1; assigned CYP name=CYP78A122; source contains names/annotations only,,plants-Citrus.sinensis.P450s.xlsx,439b04b177dc4042ad5b25b22d7df0b4103208120eb011cb31644c1d756e7d16,Citrus sinensis CYP71 clan,69,sequence-missing
plants,Citrus sinensis,CYP78A123,dhCsi-CYP78A7-orange1.1t03325.1,citrus-sinensis:Citrus sinensis CYP71 clan:0070,https://drnelson.uthsc.edu/Citrus.sinensis.P450s.xlsx,Workbook sheet Citrus sinensis CYP71 clan row 70; gene ID=dhCsi-CYP78A7-orange1.1t03325.1; assigned CYP name=CYP78A123; source contains names/annotations only,,plants-Citrus.sinensis.P450s.xlsx,439b04b177dc4042ad5b25b22d7df0b4103208120eb011cb31644c1d756e7d16,Citrus sinensis CYP71 clan,70,sequence-missing
plants,Citrus sinensis,CYP79A69,dhCsi-CYP79A3-Cs1g02070.1,citrus-sinensis:Citrus sinensis CYP71 clan:0071,https://drnelson.uthsc.edu/Citrus.sinensis.P450s.xlsx,Workbook sheet Citrus sinensis CYP71 clan row 71; gene ID=dhCsi-CYP79A3-Cs1g02070.1; assigned CYP name=CYP79A69; source contains names/annotations only,,plants-Citrus.sinensis.P450s.xlsx,439b04b177dc4042ad5b25b22d7df0b4103208120eb011cb31644c1d756e7d16,Citrus sinensis CYP71 clan,71,sequence-missing
plants,Citrus sinensis,CYP79A70,dhCsi-CYP79A3P-Cs1g02160.1,citrus-sinensis:Citrus sinensis CYP71 clan:0072,https://drnelson.uthsc.edu/Citrus.sinensis.P450s.xlsx,Workbook sheet Citrus sinensis CYP71 clan row 72; gene ID=dhCsi-CYP79A3P-Cs1g02160.1; assigned CYP name=CYP79A70; source contains names/annotations only,,plants-Citrus.sinensis.P450s.xlsx,439b04b177dc4042ad5b25b22d7df0b4103208120eb011cb31644c1d756e7d16,Citrus sinensis CYP71 clan,72,sequence-missing
plants,Citrus sinensis,CYP79A71,dhCsi-CYP79F2-Cs6g01270.1,citrus-sinensis:Citrus sinensis CYP71 clan:0073,https://drnelson.uthsc.edu/Citrus.sinensis.P450s.xlsx,Workbook sheet Citrus sinensis CYP71 clan row 73; gene ID=dhCsi-CYP79F2-Cs6g01270.1; assigned CYP name=CYP79A71; source contains names/annotations only,,plants-Citrus.sinensis.P450s.xlsx,439b04b177dc4042ad5b25b22d7df0b4103208120eb011cb31644c1d756e7d16,Citrus sinensis CYP71 clan,73,sequence-missing
plants,Citrus sinensis,CYP79A72,dhCsi-CYP79C1-Cs7g17410.1,citrus-sinensis:Citrus sinensis CYP71 clan:0074,https://drnelson.uthsc.edu/Citrus.sinensis.P450s.xlsx,Workbook sheet Citrus sinensis CYP71 clan row 74; gene ID=dhCsi-CYP79C1-Cs7g17410.1; assigned CYP name=CYP79A72; source contains names/annotations only,,plants-Citrus.sinensis.P450s.xlsx,439b04b177dc4042ad5b25b22d7df0b4103208120eb011cb31644c1d756e7d16,Citrus sinensis CYP71 clan,74,sequence-missing
plants,Citrus sinensis,CYP79A73,dhCsi-CYP79C2-Cs7g29770.1,citrus-sinensis:Citrus sinensis CYP71 clan:0075,https://drnelson.uthsc.edu/Citrus.sinensis.P450s.xlsx,Workbook sheet Citrus sinensis CYP71 clan row 75; gene ID=dhCsi-CYP79C2-Cs7g29770.1; assigned CYP name=CYP79A73; source contains names/annotations only,,plants-Citrus.sinensis.P450s.xlsx,439b04b177dc4042ad5b25b22d7df0b4103208120eb011cb31644c1d756e7d16,Citrus sinensis CYP71 clan,75,sequence-missing
plants,Citrus sinensis,CYP79A74,dhCsi-CYP79A2-Cs7g29740.1,citrus-sinensis:Citrus sinensis CYP71 clan:0076,https://drnelson.uthsc.edu/Citrus.sinensis.P450s.xlsx,Workbook sheet Citrus sinensis CYP71 clan row 76; gene ID=dhCsi-CYP79A2-Cs7g29740.1; assigned CYP name=CYP79A74; source contains names/annotations only,,plants-Citrus.sinensis.P450s.xlsx,439b04b177dc4042ad5b25b22d7df0b4103208120eb011cb31644c1d756e7d16,Citrus sinensis CYP71 clan,76,sequence-missing
plants,Citrus sinensis,CYP79A75,dhCsi-CYP79F1-orange1.1t01456.1,citrus-sinensis:Citrus sinensis CYP71 clan:0077,https://drnelson.uthsc.edu/Citrus.sinensis.P450s.xlsx,Workbook sheet Citrus sinensis CYP71 clan row 77; gene ID=dhCsi-CYP79F1-orange1.1t01456.1; assigned CYP name=CYP79A75; source contains names/annotations only,,plants-Citrus.sinensis.P450s.xlsx,439b04b177dc4042ad5b25b22d7df0b4103208120eb011cb31644c1d756e7d16,Citrus sinensis CYP71 clan,77,sequence-missing
plants,Citrus sinensis,CYP79A76,dhCsi-CYP79A5-orange1.1t05263.1,citrus-sinensis:Citrus sinensis CYP71 clan:0078,https://drnelson.uthsc.edu/Citrus.sinensis.P450s.xlsx,Workbook sheet Citrus sinensis CYP71 clan row 78; gene ID=dhCsi-CYP79A5-orange1.1t05263.1; assigned CYP name=CYP79A76; source contains names/annotations only,,plants-Citrus.sinensis.P450s.xlsx,439b04b177dc4042ad5b25b22d7df0b4103208120eb011cb31644c1d756e7d16,Citrus sinensis CYP71 clan,78,sequence-missing
plants,Citrus sinensis,CYP81B63,dhCsi-CYP81D2-Cs3g15630.1,citrus-sinensis:Citrus sinensis CYP71 clan:0079,https://drnelson.uthsc.edu/Citrus.sinensis.P450s.xlsx,Workbook sheet Citrus sinensis CYP71 clan row 79; gene ID=dhCsi-CYP81D2-Cs3g15630.1; assigned CYP name=CYP81B63; source contains names/annotations only,,plants-Citrus.sinensis.P450s.xlsx,439b04b177dc4042ad5b25b22d7df0b4103208120eb011cb31644c1d756e7d16,Citrus sinensis CYP71 clan,79,sequence-missing
plants,Citrus sinensis,CYP81B64,dhCsi-CYP81G1-Cs3g15640.1,citrus-sinensis:Citrus sinensis CYP71 clan:0080,https://drnelson.uthsc.edu/Citrus.sinensis.P450s.xlsx,Workbook sheet Citrus sinensis CYP71 clan row 80; gene ID=dhCsi-CYP81G1-Cs3g15640.1; assigned CYP name=CYP81B64; source contains names/annotations only,,plants-Citrus.sinensis.P450s.xlsx,439b04b177dc4042ad5b25b22d7df0b4103208120eb011cb31644c1d756e7d16,Citrus sinensis CYP71 clan,80,sequence-missing
plants,Citrus sinensis,CYP81B65,dhCsi-CYP81F3-Cs3g15650.1,citrus-sinensis:Citrus sinensis CYP71 clan:0081,https://drnelson.uthsc.edu/Citrus.sinensis.P450s.xlsx,Workbook sheet Citrus sinensis CYP71 clan row 81; gene ID=dhCsi-CYP81F3-Cs3g15650.1; assigned CYP name=CYP81B65; source contains names/annotations only,,plants-Citrus.sinensis.P450s.xlsx,439b04b177dc4042ad5b25b22d7df0b4103208120eb011cb31644c1d756e7d16,Citrus sinensis CYP71 clan,81,sequence-missing
plants,Citrus sinensis,CYP81B66,dhCsi-CYP81F2-Cs4g02820.1,citrus-sinensis:Citrus sinensis CYP71 clan:0082,https://drnelson.uthsc.edu/Citrus.sinensis.P450s.xlsx,Workbook sheet Citrus sinensis CYP71 clan row 82; gene ID=dhCsi-CYP81F2-Cs4g02820.1; assigned CYP name=CYP81B66; source contains names/annotations only,,plants-Citrus.sinensis.P450s.xlsx,439b04b177dc4042ad5b25b22d7df0b4103208120eb011cb31644c1d756e7d16,Citrus sinensis CYP71 clan,82,sequence-missing
plants,Citrus sinensis,CYP81C17,dhCsi-CYP81K1-Cs3g15590.1,citrus-sinensis:Citrus sinensis CYP71 clan:0083,https://drnelson.uthsc.edu/Citrus.sinensis.P450s.xlsx,Workbook sheet Citrus sinensis CYP71 clan row 83; gene ID=dhCsi-CYP81K1-Cs3g15590.1; assigned CYP name=CYP81C17; source contains names/annotations only,,plants-Citrus.sinensis.P450s.xlsx,439b04b177dc4042ad5b25b22d7df0b4103208120eb011cb31644c1d756e7d16,Citrus sinensis CYP71 clan,83,sequence-missing
plants,Citrus sinensis,CYP81Q44,dhCsi-CYP81D8-Cs1g22200.1,citrus-sinensis:Citrus sinensis CYP71 clan:0084,https://drnelson.uthsc.edu/Citrus.sinensis.P450s.xlsx,Workbook sheet Citrus sinensis CYP71 clan row 84; gene ID=dhCsi-CYP81D8-Cs1g22200.1; assigned CYP name=CYP81Q44; source contains names/annotations only,,plants-Citrus.sinensis.P450s.xlsx,439b04b177dc4042ad5b25b22d7df0b4103208120eb011cb31644c1d756e7d16,Citrus sinensis CYP71 clan,84,sequence-missing
plants,Citrus sinensis,CYP81Q45,dhCsi-CYP81D6-Cs1g22210.1,citrus-sinensis:Citrus sinensis CYP71 clan:0085,https://drnelson.uthsc.edu/Citrus.sinensis.P450s.xlsx,Workbook sheet Citrus sinensis CYP71 clan row 85; gene ID=dhCsi-CYP81D6-Cs1g22210.1; assigned CYP name=CYP81Q45; source contains names/annotations only,,plants-Citrus.sinensis.P450s.xlsx,439b04b177dc4042ad5b25b22d7df0b4103208120eb011cb31644c1d756e7d16,Citrus sinensis CYP71 clan,85,sequence-missing
plants,Citrus sinensis,CYP81Q46,dhCsi-CYP81D7-Cs1g22230.1,citrus-sinensis:Citrus sinensis CYP71 clan:0086,https://drnelson.uthsc.edu/Citrus.sinensis.P450s.xlsx,Workbook sheet Citrus sinensis CYP71 clan row 86; gene ID=dhCsi-CYP81D7-Cs1g22230.1; assigned CYP name=CYP81Q46; source contains names/annotations only,,plants-Citrus.sinensis.P450s.xlsx,439b04b177dc4042ad5b25b22d7df0b4103208120eb011cb31644c1d756e7d16,Citrus sinensis CYP71 clan,86,sequence-missing
plants,Citrus sinensis,CYP81AE1,dhCsi-CYP81F1-Cs3g23010.1,citrus-sinensis:Citrus sinensis CYP71 clan:0087,https://drnelson.uthsc.edu/Citrus.sinensis.P450s.xlsx,Workbook sheet Citrus sinensis CYP71 clan row 87; gene ID=dhCsi-CYP81F1-Cs3g23010.1; assigned CYP name=CYP81AE1; source contains names/annotations only,,plants-Citrus.sinensis.P450s.xlsx,439b04b177dc4042ad5b25b22d7df0b4103208120eb011cb31644c1d756e7d16,Citrus sinensis CYP71 clan,87,sequence-missing
plants,Citrus sinensis,CYP82C45P,dhCsi-CYP81F4-Cs1g23310.1,citrus-sinensis:Citrus sinensis CYP71 clan:0088,https://drnelson.uthsc.edu/Citrus.sinensis.P450s.xlsx,Workbook sheet Citrus sinensis CYP71 clan row 88; gene ID=dhCsi-CYP81F4-Cs1g23310.1; assigned CYP name=CYP82C45P; source contains names/annotations only,,plants-Citrus.sinensis.P450s.xlsx,439b04b177dc4042ad5b25b22d7df0b4103208120eb011cb31644c1d756e7d16,Citrus sinensis CYP71 clan,88,sequence-missing
plants,Citrus sinensis,CYP82C46,dhCsi-CYP82C8-Cs5g28530.1,citrus-sinensis:Citrus sinensis CYP71 clan:0089,https://drnelson.uthsc.edu/Citrus.sinensis.P450s.xlsx,Workbook sheet Citrus sinensis CYP71 clan row 89; gene ID=dhCsi-CYP82C8-Cs5g28530.1; assigned CYP name=CYP82C46; source contains names/annotations only,,plants-Citrus.sinensis.P450s.xlsx,439b04b177dc4042ad5b25b22d7df0b4103208120eb011cb31644c1d756e7d16,Citrus sinensis CYP71 clan,89,sequence-missing
plants,Citrus sinensis,CYP82C47,dhCsi-CYP82C4-Cs3g24170.1,citrus-sinensis:Citrus sinensis CYP71 clan:0090,https://drnelson.uthsc.edu/Citrus.sinensis.P450s.xlsx,Workbook sheet Citrus sinensis CYP71 clan row 90; gene ID=dhCsi-CYP82C4-Cs3g24170.1; assigned CYP name=CYP82C47; source contains names/annotations only,,plants-Citrus.sinensis.P450s.xlsx,439b04b177dc4042ad5b25b22d7df0b4103208120eb011cb31644c1d756e7d16,Citrus sinensis CYP71 clan,90,sequence-missing
plants,Citrus sinensis,CYP82C48,dhCsi-CYP82E1-Cs5g28540.1,citrus-sinensis:Citrus sinensis CYP71 clan:0091,https://drnelson.uthsc.edu/Citrus.sinensis.P450s.xlsx,Workbook sheet Citrus sinensis CYP71 clan row 91; gene ID=dhCsi-CYP82E1-Cs5g28540.1; assigned CYP name=CYP82C48; source contains names/annotations only,,plants-Citrus.sinensis.P450s.xlsx,439b04b177dc4042ad5b25b22d7df0b4103208120eb011cb31644c1d756e7d16,Citrus sinensis CYP71 clan,91,sequence-missing
plants,Citrus sinensis,CYP82C49,dhCsi-CYP82E2-Cs5g28550.1,citrus-sinensis:Citrus sinensis CYP71 clan:0092,https://drnelson.uthsc.edu/Citrus.sinensis.P450s.xlsx,Workbook sheet Citrus sinensis CYP71 clan row 92; gene ID=dhCsi-CYP82E2-Cs5g28550.1; assigned CYP name=CYP82C49; source contains names/annotations only,,plants-Citrus.sinensis.P450s.xlsx,439b04b177dc4042ad5b25b22d7df0b4103208120eb011cb31644c1d756e7d16,Citrus sinensis CYP71 clan,92,sequence-missing
plants,Citrus sinensis,CYP82D64,dhCsi-CYP82C5-Cs1g10540.1,citrus-sinensis:Citrus sinensis CYP71 clan:0093,https://drnelson.uthsc.edu/Citrus.sinensis.P450s.xlsx,Workbook sheet Citrus sinensis CYP71 clan row 93; gene ID=dhCsi-CYP82C5-Cs1g10540.1; assigned CYP name=CYP82D64; source contains names/annotations only,,plants-Citrus.sinensis.P450s.xlsx,439b04b177dc4042ad5b25b22d7df0b4103208120eb011cb31644c1d756e7d16,Citrus sinensis CYP71 clan,93,sequence-missing
plants,Citrus sinensis,CYP82D72,dhCsi-CYP82F4-Cs1g02180.1,citrus-sinensis:Citrus sinensis CYP71 clan:0094,https://drnelson.uthsc.edu/Citrus.sinensis.P450s.xlsx,Workbook sheet Citrus sinensis CYP71 clan row 94; gene ID=dhCsi-CYP82F4-Cs1g02180.1; assigned CYP name=CYP82D72; source contains names/annotations only,,plants-Citrus.sinensis.P450s.xlsx,439b04b177dc4042ad5b25b22d7df0b4103208120eb011cb31644c1d756e7d16,Citrus sinensis CYP71 clan,94,sequence-missing
plants,Citrus sinensis,CYP82D73,dhCsi-CYP82D3-Cs1g02240.1,citrus-sinensis:Citrus sinensis CYP71 clan:0095,https://drnelson.uthsc.edu/Citrus.sinensis.P450s.xlsx,Workbook sheet Citrus sinensis CYP71 clan row 95; gene ID=dhCsi-CYP82D3-Cs1g02240.1; assigned CYP name=CYP82D73; source contains names/annotations only,,plants-Citrus.sinensis.P450s.xlsx,439b04b177dc4042ad5b25b22d7df0b4103208120eb011cb31644c1d756e7d16,Citrus sinensis CYP71 clan,95,sequence-missing
plants,Citrus sinensis,CYP82D74,dhCsi-CYP82D4-Cs1g02250.1,citrus-sinensis:Citrus sinensis CYP71 clan:0096,https://drnelson.uthsc.edu/Citrus.sinensis.P450s.xlsx,Workbook sheet Citrus sinensis CYP71 clan row 96; gene ID=dhCsi-CYP82D4-Cs1g02250.1; assigned CYP name=CYP82D74; source contains names/annotations only,,plants-Citrus.sinensis.P450s.xlsx,439b04b177dc4042ad5b25b22d7df0b4103208120eb011cb31644c1d756e7d16,Citrus sinensis CYP71 clan,96,sequence-missing
plants,Citrus sinensis,CYP82D75,dhCsi-CYP82C3-Cs1g02270.1,citrus-sinensis:Citrus sinensis CYP71 clan:0097,https://drnelson.uthsc.edu/Citrus.sinensis.P450s.xlsx,Workbook sheet Citrus sinensis CYP71 clan row 97; gene ID=dhCsi-CYP82C3-Cs1g02270.1; assigned CYP name=CYP82D75; source contains names/annotations only,,plants-Citrus.sinensis.P450s.xlsx,439b04b177dc4042ad5b25b22d7df0b4103208120eb011cb31644c1d756e7d16,Citrus sinensis CYP71 clan,97,sequence-missing
plants,Citrus sinensis,CYP82D76,dhCsi-CYP82F5-Cs3g05300.1,citrus-sinensis:Citrus sinensis CYP71 clan:0098,https://drnelson.uthsc.edu/Citrus.sinensis.P450s.xlsx,Workbook sheet Citrus sinensis CYP71 clan row 98; gene ID=dhCsi-CYP82F5-Cs3g05300.1; assigned CYP name=CYP82D76; source contains names/annotations only,,plants-Citrus.sinensis.P450s.xlsx,439b04b177dc4042ad5b25b22d7df0b4103208120eb011cb31644c1d756e7d16,Citrus sinensis CYP71 clan,98,sequence-missing
plants,Citrus sinensis,CYP82D77,dhCsi-CYP82C6-Cs3g05310.1,citrus-sinensis:Citrus sinensis CYP71 clan:0099,https://drnelson.uthsc.edu/Citrus.sinensis.P450s.xlsx,Workbook sheet Citrus sinensis CYP71 clan row 99; gene ID=dhCsi-CYP82C6-Cs3g05310.1; assigned CYP name=CYP82D77; source contains names/annotations only,,plants-Citrus.sinensis.P450s.xlsx,439b04b177dc4042ad5b25b22d7df0b4103208120eb011cb31644c1d756e7d16,Citrus sinensis CYP71 clan,99,sequence-missing
plants,Citrus sinensis,CYP82D78,dhCsi-CYP82D2-Cs3g08680.1,citrus-sinensis:Citrus sinensis CYP71 clan:0100,https://drnelson.uthsc.edu/Citrus.sinensis.P450s.xlsx,Workbook sheet Citrus sinensis CYP71 clan row 100; gene ID=dhCsi-CYP82D2-Cs3g08680.1; assigned CYP name=CYP82D78; source contains names/annotations only,,plants-Citrus.sinensis.P450s.xlsx,439b04b177dc4042ad5b25b22d7df0b4103208120eb011cb31644c1d756e7d16,Citrus sinensis CYP71 clan,100,sequence-missing
plants,Citrus sinensis,CYP82D79,dhCsi-CYP82D1-Cs3g09030.1,citrus-sinensis:Citrus sinensis CYP71 clan:0101,https://drnelson.uthsc.edu/Citrus.sinensis.P450s.xlsx,Workbook sheet Citrus sinensis CYP71 clan row 101; gene ID=dhCsi-CYP82D1-Cs3g09030.1; assigned CYP name=CYP82D79; source contains names/annotations only,,plants-Citrus.sinensis.P450s.xlsx,439b04b177dc4042ad5b25b22d7df0b4103208120eb011cb31644c1d756e7d16,Citrus sinensis CYP71 clan,101,sequence-missing
plants,Citrus sinensis,CYP82D80,dhCsi-CYP82C1-Cs3g09040.1,citrus-sinensis:Citrus sinensis CYP71 clan:0102,https://drnelson.uthsc.edu/Citrus.sinensis.P450s.xlsx,Workbook sheet Citrus sinensis CYP71 clan row 102; gene ID=dhCsi-CYP82C1-Cs3g09040.1; assigned CYP name=CYP82D80; source contains names/annotations only,,plants-Citrus.sinensis.P450s.xlsx,439b04b177dc4042ad5b25b22d7df0b4103208120eb011cb31644c1d756e7d16,Citrus sinensis CYP71 clan,102,sequence-missing
plants,Citrus sinensis,CYP82D81,dhCsi-CYP82F2-Cs3g09090.1,citrus-sinensis:Citrus sinensis CYP71 clan:0103,https://drnelson.uthsc.edu/Citrus.sinensis.P450s.xlsx,Workbook sheet Citrus sinensis CYP71 clan row 103; gene ID=dhCsi-CYP82F2-Cs3g09090.1; assigned CYP name=CYP82D81; source contains names/annotations only,,plants-Citrus.sinensis.P450s.xlsx,439b04b177dc4042ad5b25b22d7df0b4103208120eb011cb31644c1d756e7d16,Citrus sinensis CYP71 clan,103,sequence-missing
plants,Citrus sinensis,CYP82D82,dhCsi-CYP82D7-Cs3g09120.1,citrus-sinensis:Citrus sinensis CYP71 clan:0104,https://drnelson.uthsc.edu/Citrus.sinensis.P450s.xlsx,Workbook sheet Citrus sinensis CYP71 clan row 104; gene ID=dhCsi-CYP82D7-Cs3g09120.1; assigned CYP name=CYP82D82; source contains names/annotations only,,plants-Citrus.sinensis.P450s.xlsx,439b04b177dc4042ad5b25b22d7df0b4103208120eb011cb31644c1d756e7d16,Citrus sinensis CYP71 clan,104,sequence-missing
plants,Citrus sinensis,CYP82D83,dhCsi-CYP82F1-Cs3g09140.1,citrus-sinensis:Citrus sinensis CYP71 clan:0105,https://drnelson.uthsc.edu/Citrus.sinensis.P450s.xlsx,Workbook sheet Citrus sinensis CYP71 clan row 105; gene ID=dhCsi-CYP82F1-Cs3g09140.1; assigned CYP name=CYP82D83; source contains names/annotations only,,plants-Citrus.sinensis.P450s.xlsx,439b04b177dc4042ad5b25b22d7df0b4103208120eb011cb31644c1d756e7d16,Citrus sinensis CYP71 clan,105,sequence-missing
plants,Citrus sinensis,CYP82D84,dhCsi-CYP82C2-Cs3g24180.1,citrus-sinensis:Citrus sinensis CYP71 clan:0106,https://drnelson.uthsc.edu/Citrus.sinensis.P450s.xlsx,Workbook sheet Citrus sinensis CYP71 clan row 106; gene ID=dhCsi-CYP82C2-Cs3g24180.1; assigned CYP name=CYP82D84; source contains names/annotations only,,plants-Citrus.sinensis.P450s.xlsx,439b04b177dc4042ad5b25b22d7df0b4103208120eb011cb31644c1d756e7d16,Citrus sinensis CYP71 clan,106,sequence-missing
plants,Citrus sinensis,CYP82D85,dhCsi-CYP82C10-Cs7g29900.1,citrus-sinensis:Citrus sinensis CYP71 clan:0107,https://drnelson.uthsc.edu/Citrus.sinensis.P450s.xlsx,Workbook sheet Citrus sinensis CYP71 clan row 107; gene ID=dhCsi-CYP82C10-Cs7g29900.1; assigned CYP name=CYP82D85; source contains names/annotations only,,plants-Citrus.sinensis.P450s.xlsx,439b04b177dc4042ad5b25b22d7df0b4103208120eb011cb31644c1d756e7d16,Citrus sinensis CYP71 clan,107,sequence-missing
plants,Citrus sinensis,CYP82D86,dhCsi-CYP82C12-Cs7g29940.1,citrus-sinensis:Citrus sinensis CYP71 clan:0108,https://drnelson.uthsc.edu/Citrus.sinensis.P450s.xlsx,Workbook sheet Citrus sinensis CYP71 clan row 108; gene ID=dhCsi-CYP82C12-Cs7g29940.1; assigned CYP name=CYP82D86; source contains names/annotations only,,plants-Citrus.sinensis.P450s.xlsx,439b04b177dc4042ad5b25b22d7df0b4103208120eb011cb31644c1d756e7d16,Citrus sinensis CYP71 clan,108,sequence-missing
plants,Citrus sinensis,CYP82D87,dhCsi-CYP82C9-Cs7g29860.1,citrus-sinensis:Citrus sinensis CYP71 clan:0109,https://drnelson.uthsc.edu/Citrus.sinensis.P450s.xlsx,Workbook sheet Citrus sinensis CYP71 clan row 109; gene ID=dhCsi-CYP82C9-Cs7g29860.1; assigned CYP name=CYP82D87; source contains names/annotations only,,plants-Citrus.sinensis.P450s.xlsx,439b04b177dc4042ad5b25b22d7df0b4103208120eb011cb31644c1d756e7d16,Citrus sinensis CYP71 clan,109,sequence-missing
plants,Citrus sinensis,CYP82D89,dhCsi-CYP82F6-Cs7g29880.1,citrus-sinensis:Citrus sinensis CYP71 clan:0110,https://drnelson.uthsc.edu/Citrus.sinensis.P450s.xlsx,Workbook sheet Citrus sinensis CYP71 clan row 110; gene ID=dhCsi-CYP82F6-Cs7g29880.1; assigned CYP name=CYP82D89; source contains names/annotations only,,plants-Citrus.sinensis.P450s.xlsx,439b04b177dc4042ad5b25b22d7df0b4103208120eb011cb31644c1d756e7d16,Citrus sinensis CYP71 clan,110,sequence-missing
plants,Citrus sinensis,CYP82D90,dhCsi-CYP82F3-Cs7g29910.1,citrus-sinensis:Citrus sinensis CYP71 clan:0111,https://drnelson.uthsc.edu/Citrus.sinensis.P450s.xlsx,Workbook sheet Citrus sinensis CYP71 clan row 111; gene ID=dhCsi-CYP82F3-Cs7g29910.1; assigned CYP name=CYP82D90; source contains names/annotations only,,plants-Citrus.sinensis.P450s.xlsx,439b04b177dc4042ad5b25b22d7df0b4103208120eb011cb31644c1d756e7d16,Citrus sinensis CYP71 clan,111,sequence-missing
plants,Citrus sinensis,CYP82L10,dhCsi-CYP82G1-Cs5g27570.2,citrus-sinensis:Citrus sinensis CYP71 clan:0112,https://drnelson.uthsc.edu/Citrus.sinensis.P450s.xlsx,Workbook sheet Citrus sinensis CYP71 clan row 112; gene ID=dhCsi-CYP82G1-Cs5g27570.2; assigned CYP name=CYP82L10; source contains names/annotations only,,plants-Citrus.sinensis.P450s.xlsx,439b04b177dc4042ad5b25b22d7df0b4103208120eb011cb31644c1d756e7d16,Citrus sinensis CYP71 clan,112,sequence-missing
plants,Citrus sinensis,CYP82L11,dhCsi-CYP82G2-Cs5g27580.1,citrus-sinensis:Citrus sinensis CYP71 clan:0113,https://drnelson.uthsc.edu/Citrus.sinensis.P450s.xlsx,Workbook sheet Citrus sinensis CYP71 clan row 113; gene ID=dhCsi-CYP82G2-Cs5g27580.1; assigned CYP name=CYP82L11; source contains names/annotations only,,plants-Citrus.sinensis.P450s.xlsx,439b04b177dc4042ad5b25b22d7df0b4103208120eb011cb31644c1d756e7d16,Citrus sinensis CYP71 clan,113,sequence-missing
plants,Citrus sinensis,CYP82L12,dhCsi-CYP82G4-Cs5g27590.1,citrus-sinensis:Citrus sinensis CYP71 clan:0114,https://drnelson.uthsc.edu/Citrus.sinensis.P450s.xlsx,Workbook sheet Citrus sinensis CYP71 clan row 114; gene ID=dhCsi-CYP82G4-Cs5g27590.1; assigned CYP name=CYP82L12; source contains names/annotations only,,plants-Citrus.sinensis.P450s.xlsx,439b04b177dc4042ad5b25b22d7df0b4103208120eb011cb31644c1d756e7d16,Citrus sinensis CYP71 clan,114,sequence-missing
plants,Citrus sinensis,CYP82L13,dhCsi-CYP82G5-Cs5g27600.1,citrus-sinensis:Citrus sinensis CYP71 clan:0115,https://drnelson.uthsc.edu/Citrus.sinensis.P450s.xlsx,Workbook sheet Citrus sinensis CYP71 clan row 115; gene ID=dhCsi-CYP82G5-Cs5g27600.1; assigned CYP name=CYP82L13; source contains names/annotations only,,plants-Citrus.sinensis.P450s.xlsx,439b04b177dc4042ad5b25b22d7df0b4103208120eb011cb31644c1d756e7d16,Citrus sinensis CYP71 clan,115,sequence-missing
plants,Citrus sinensis,CYP83F12,dhCsi-CYP83C1-orange1.1t02081.1,citrus-sinensis:Citrus sinensis CYP71 clan:0116,https://drnelson.uthsc.edu/Citrus.sinensis.P450s.xlsx,Workbook sheet Citrus sinensis CYP71 clan row 116; gene ID=dhCsi-CYP83C1-orange1.1t02081.1; assigned CYP name=CYP83F12; source contains names/annotations only,,plants-Citrus.sinensis.P450s.xlsx,439b04b177dc4042ad5b25b22d7df0b4103208120eb011cb31644c1d756e7d16,Citrus sinensis CYP71 clan,116,sequence-missing
plants,Citrus sinensis,CYP83F13,dhCsi-CYP83A8-orange1.1t02083.1,citrus-sinensis:Citrus sinensis CYP71 clan:0117,https://drnelson.uthsc.edu/Citrus.sinensis.P450s.xlsx,Workbook sheet Citrus sinensis CYP71 clan row 117; gene ID=dhCsi-CYP83A8-orange1.1t02083.1; assigned CYP name=CYP83F13; source contains names/annotations only,,plants-Citrus.sinensis.P450s.xlsx,439b04b177dc4042ad5b25b22d7df0b4103208120eb011cb31644c1d756e7d16,Citrus sinensis CYP71 clan,117,sequence-missing
plants,Citrus sinensis,CYP83F14,dhCsi-CYP83A7-orange1.1t02084.1,citrus-sinensis:Citrus sinensis CYP71 clan:0118,https://drnelson.uthsc.edu/Citrus.sinensis.P450s.xlsx,Workbook sheet Citrus sinensis CYP71 clan row 118; gene ID=dhCsi-CYP83A7-orange1.1t02084.1; assigned CYP name=CYP83F14; source contains names/annotations only,,plants-Citrus.sinensis.P450s.xlsx,439b04b177dc4042ad5b25b22d7df0b4103208120eb011cb31644c1d756e7d16,Citrus sinensis CYP71 clan,118,sequence-missing
plants,Citrus sinensis,CYP83F15,dhCsi-CYP83C3-orange1.1t02087.1,citrus-sinensis:Citrus sinensis CYP71 clan:0119,https://drnelson.uthsc.edu/Citrus.sinensis.P450s.xlsx,Workbook sheet Citrus sinensis CYP71 clan row 119; gene ID=dhCsi-CYP83C3-orange1.1t02087.1; assigned CYP name=CYP83F15; source contains names/annotations only,,plants-Citrus.sinensis.P450s.xlsx,439b04b177dc4042ad5b25b22d7df0b4103208120eb011cb31644c1d756e7d16,Citrus sinensis CYP71 clan,119,sequence-missing
plants,Citrus sinensis,CYP83F16,dhCsi-CYP83A2-orange1.1t02796.1,citrus-sinensis:Citrus sinensis CYP71 clan:0120,https://drnelson.uthsc.edu/Citrus.sinensis.P450s.xlsx,Workbook sheet Citrus sinensis CYP71 clan row 120; gene ID=dhCsi-CYP83A2-orange1.1t02796.1; assigned CYP name=CYP83F16; source contains names/annotations only,,plants-Citrus.sinensis.P450s.xlsx,439b04b177dc4042ad5b25b22d7df0b4103208120eb011cb31644c1d756e7d16,Citrus sinensis CYP71 clan,120,sequence-missing
plants,Citrus sinensis,CYP83F17,dhCsi-CYP83A3-orange1.1t04874.1,citrus-sinensis:Citrus sinensis CYP71 clan:0121,https://drnelson.uthsc.edu/Citrus.sinensis.P450s.xlsx,Workbook sheet Citrus sinensis CYP71 clan row 121; gene ID=dhCsi-CYP83A3-orange1.1t04874.1; assigned CYP name=CYP83F17; source contains names/annotations only,,plants-Citrus.sinensis.P450s.xlsx,439b04b177dc4042ad5b25b22d7df0b4103208120eb011cb31644c1d756e7d16,Citrus sinensis CYP71 clan,121,sequence-missing
plants,Citrus sinensis,CYP83F18,dhCsi-CYP83A6-orange1.1t04991.1,citrus-sinensis:Citrus sinensis CYP71 clan:0122,https://drnelson.uthsc.edu/Citrus.sinensis.P450s.xlsx,Workbook sheet Citrus sinensis CYP71 clan row 122; gene ID=dhCsi-CYP83A6-orange1.1t04991.1; assigned CYP name=CYP83F18; source contains names/annotations only,,plants-Citrus.sinensis.P450s.xlsx,439b04b177dc4042ad5b25b22d7df0b4103208120eb011cb31644c1d756e7d16,Citrus sinensis CYP71 clan,122,sequence-missing
plants,Citrus sinensis,CYP83F19,dhCsi-CYP83A5-orange1.1t05258.1,citrus-sinensis:Citrus sinensis CYP71 clan:0123,https://drnelson.uthsc.edu/Citrus.sinensis.P450s.xlsx,Workbook sheet Citrus sinensis CYP71 clan row 123; gene ID=dhCsi-CYP83A5-orange1.1t05258.1; assigned CYP name=CYP83F19; source contains names/annotations only,,plants-Citrus.sinensis.P450s.xlsx,439b04b177dc4042ad5b25b22d7df0b4103208120eb011cb31644c1d756e7d16,Citrus sinensis CYP71 clan,123,sequence-missing
plants,Citrus sinensis,CYP83F20,dhCsi-CYP83A8-orange1.1t05138.1,citrus-sinensis:Citrus sinensis CYP71 clan:0124,https://drnelson.uthsc.edu/Citrus.sinensis.P450s.xlsx,Workbook sheet Citrus sinensis CYP71 clan row 124; gene ID=dhCsi-CYP83A8-orange1.1t05138.1; assigned CYP name=CYP83F20; source contains names/annotations only,,plants-Citrus.sinensis.P450s.xlsx,439b04b177dc4042ad5b25b22d7df0b4103208120eb011cb31644c1d756e7d16,Citrus sinensis CYP71 clan,124,sequence-missing
plants,Citrus sinensis,CYP83F21,dhCsi-CYP83B7-Cs1g04220.1,citrus-sinensis:Citrus sinensis CYP71 clan:0125,https://drnelson.uthsc.edu/Citrus.sinensis.P450s.xlsx,Workbook sheet Citrus sinensis CYP71 clan row 125; gene ID=dhCsi-CYP83B7-Cs1g04220.1; assigned CYP name=CYP83F21; source contains names/annotations only,,plants-Citrus.sinensis.P450s.xlsx,439b04b177dc4042ad5b25b22d7df0b4103208120eb011cb31644c1d756e7d16,Citrus sinensis CYP71 clan,125,sequence-missing
plants,Citrus sinensis,CYP83F22,dhCsi-CYP83B12-Cs3g07330.1,citrus-sinensis:Citrus sinensis CYP71 clan:0126,https://drnelson.uthsc.edu/Citrus.sinensis.P450s.xlsx,Workbook sheet Citrus sinensis CYP71 clan row 126; gene ID=dhCsi-CYP83B12-Cs3g07330.1; assigned CYP name=CYP83F22; source contains names/annotations only,,plants-Citrus.sinensis.P450s.xlsx,439b04b177dc4042ad5b25b22d7df0b4103208120eb011cb31644c1d756e7d16,Citrus sinensis CYP71 clan,126,sequence-missing
plants,Citrus sinensis,CYP83F23,dhCsi-CYP83B6-Cs3g21580.1,citrus-sinensis:Citrus sinensis CYP71 clan:0127,https://drnelson.uthsc.edu/Citrus.sinensis.P450s.xlsx,Workbook sheet Citrus sinensis CYP71 clan row 127; gene ID=dhCsi-CYP83B6-Cs3g21580.1; assigned CYP name=CYP83F23; source contains names/annotations only,,plants-Citrus.sinensis.P450s.xlsx,439b04b177dc4042ad5b25b22d7df0b4103208120eb011cb31644c1d756e7d16,Citrus sinensis CYP71 clan,127,sequence-missing
plants,Citrus sinensis,CYP83F24,dhCsi-CYP83B10-Cs3g25780.1,citrus-sinensis:Citrus sinensis CYP71 clan:0128,https://drnelson.uthsc.edu/Citrus.sinensis.P450s.xlsx,Workbook sheet Citrus sinensis CYP71 clan row 128; gene ID=dhCsi-CYP83B10-Cs3g25780.1; assigned CYP name=CYP83F24; source contains names/annotations only,,plants-Citrus.sinensis.P450s.xlsx,439b04b177dc4042ad5b25b22d7df0b4103208120eb011cb31644c1d756e7d16,Citrus sinensis CYP71 clan,128,sequence-missing
plants,Citrus sinensis,CYP83F25,dhCsi-CYP83B9-Cs5g25070.1,citrus-sinensis:Citrus sinensis CYP71 clan:0129,https://drnelson.uthsc.edu/Citrus.sinensis.P450s.xlsx,Workbook sheet Citrus sinensis CYP71 clan row 129; gene ID=dhCsi-CYP83B9-Cs5g25070.1; assigned CYP name=CYP83F25; source contains names/annotations only,,plants-Citrus.sinensis.P450s.xlsx,439b04b177dc4042ad5b25b22d7df0b4103208120eb011cb31644c1d756e7d16,Citrus sinensis CYP71 clan,129,sequence-missing
plants,Citrus sinensis,CYP83F26,dhCsi-CYP83B4-Cs5g25880.1,citrus-sinensis:Citrus sinensis CYP71 clan:0130,https://drnelson.uthsc.edu/Citrus.sinensis.P450s.xlsx,Workbook sheet Citrus sinensis CYP71 clan row 130; gene ID=dhCsi-CYP83B4-Cs5g25880.1; assigned CYP name=CYP83F26; source contains names/annotations only,,plants-Citrus.sinensis.P450s.xlsx,439b04b177dc4042ad5b25b22d7df0b4103208120eb011cb31644c1d756e7d16,Citrus sinensis CYP71 clan,130,sequence-missing
plants,Citrus sinensis,CYP83F27P,dhCsi-CYP83B8-Cs5g25920.1,citrus-sinensis:Citrus sinensis CYP71 clan:0131,https://drnelson.uthsc.edu/Citrus.sinensis.P450s.xlsx,Workbook sheet Citrus sinensis CYP71 clan row 131; gene ID=dhCsi-CYP83B8-Cs5g25920.1; assigned CYP name=CYP83F27P; source contains names/annotations only,,plants-Citrus.sinensis.P450s.xlsx,439b04b177dc4042ad5b25b22d7df0b4103208120eb011cb31644c1d756e7d16,Citrus sinensis CYP71 clan,131,sequence-missing
plants,Citrus sinensis,CYP83F28P,dhCsi-CYP83C4-Cs5g28020.1,citrus-sinensis:Citrus sinensis CYP71 clan:0132,https://drnelson.uthsc.edu/Citrus.sinensis.P450s.xlsx,Workbook sheet Citrus sinensis CYP71 clan row 132; gene ID=dhCsi-CYP83C4-Cs5g28020.1; assigned CYP name=CYP83F28P; source contains names/annotations only,,plants-Citrus.sinensis.P450s.xlsx,439b04b177dc4042ad5b25b22d7df0b4103208120eb011cb31644c1d756e7d16,Citrus sinensis CYP71 clan,132,sequence-missing
plants,Citrus sinensis,CYP84A62,dhCsi-CYP84A1-Cs1g24950.1,citrus-sinensis:Citrus sinensis CYP71 clan:0133,https://drnelson.uthsc.edu/Citrus.sinensis.P450s.xlsx,Workbook sheet Citrus sinensis CYP71 clan row 133; gene ID=dhCsi-CYP84A1-Cs1g24950.1; assigned CYP name=CYP84A62; source contains names/annotations only,,plants-Citrus.sinensis.P450s.xlsx,439b04b177dc4042ad5b25b22d7df0b4103208120eb011cb31644c1d756e7d16,Citrus sinensis CYP71 clan,133,sequence-missing
plants,Citrus sinensis,CYP84A63,dhCsi-CYP84A4-Cs8g08620.1,citrus-sinensis:Citrus sinensis CYP71 clan:0134,https://drnelson.uthsc.edu/Citrus.sinensis.P450s.xlsx,Workbook sheet Citrus sinensis CYP71 clan row 134; gene ID=dhCsi-CYP84A4-Cs8g08620.1; assigned CYP name=CYP84A63; source contains names/annotations only,,plants-Citrus.sinensis.P450s.xlsx,439b04b177dc4042ad5b25b22d7df0b4103208120eb011cb31644c1d756e7d16,Citrus sinensis CYP71 clan,134,sequence-missing
plants,Citrus sinensis,CYP89A116,dhCsi-CYP89A3-Cs7g15430.1,citrus-sinensis:Citrus sinensis CYP71 clan:0135,https://drnelson.uthsc.edu/Citrus.sinensis.P450s.xlsx,Workbook sheet Citrus sinensis CYP71 clan row 135; gene ID=dhCsi-CYP89A3-Cs7g15430.1; assigned CYP name=CYP89A116; source contains names/annotations only,,plants-Citrus.sinensis.P450s.xlsx,439b04b177dc4042ad5b25b22d7df0b4103208120eb011cb31644c1d756e7d16,Citrus sinensis CYP71 clan,135,sequence-missing
plants,Citrus sinensis,CYP89A117,dhCsi-CYP89A6-Cs7g15460.1,citrus-sinensis:Citrus sinensis CYP71 clan:0136,https://drnelson.uthsc.edu/Citrus.sinensis.P450s.xlsx,Workbook sheet Citrus sinensis CYP71 clan row 136; gene ID=dhCsi-CYP89A6-Cs7g15460.1; assigned CYP name=CYP89A117; source contains names/annotations only,,plants-Citrus.sinensis.P450s.xlsx,439b04b177dc4042ad5b25b22d7df0b4103208120eb011cb31644c1d756e7d16,Citrus sinensis CYP71 clan,136,sequence-missing
plants,Citrus sinensis,CYP89A118,dhCsi-CYP89A5-Cs7g15470.1,citrus-sinensis:Citrus sinensis CYP71 clan:0137,https://drnelson.uthsc.edu/Citrus.sinensis.P450s.xlsx,Workbook sheet Citrus sinensis CYP71 clan row 137; gene ID=dhCsi-CYP89A5-Cs7g15470.1; assigned CYP name=CYP89A118; source contains names/annotations only,,plants-Citrus.sinensis.P450s.xlsx,439b04b177dc4042ad5b25b22d7df0b4103208120eb011cb31644c1d756e7d16,Citrus sinensis CYP71 clan,137,sequence-missing
plants,Citrus sinensis,CYP89A119,dhCsi-CYP89A7-Cs7g15480.1,citrus-sinensis:Citrus sinensis CYP71 clan:0138,https://drnelson.uthsc.edu/Citrus.sinensis.P450s.xlsx,Workbook sheet Citrus sinensis CYP71 clan row 138; gene ID=dhCsi-CYP89A7-Cs7g15480.1; assigned CYP name=CYP89A119; source contains names/annotations only,,plants-Citrus.sinensis.P450s.xlsx,439b04b177dc4042ad5b25b22d7df0b4103208120eb011cb31644c1d756e7d16,Citrus sinensis CYP71 clan,138,sequence-missing
plants,Citrus sinensis,CYP89A120,dhCsi-CYP89A4-Cs7g15500.1,citrus-sinensis:Citrus sinensis CYP71 clan:0139,https://drnelson.uthsc.edu/Citrus.sinensis.P450s.xlsx,Workbook sheet Citrus sinensis CYP71 clan row 139; gene ID=dhCsi-CYP89A4-Cs7g15500.1; assigned CYP name=CYP89A120; source contains names/annotations only,,plants-Citrus.sinensis.P450s.xlsx,439b04b177dc4042ad5b25b22d7df0b4103208120eb011cb31644c1d756e7d16,Citrus sinensis CYP71 clan,139,sequence-missing
plants,Citrus sinensis,CYP89A121,dhCsi-CYP89A2-Cs7g15540.1,citrus-sinensis:Citrus sinensis CYP71 clan:0140,https://drnelson.uthsc.edu/Citrus.sinensis.P450s.xlsx,Workbook sheet Citrus sinensis CYP71 clan row 140; gene ID=dhCsi-CYP89A2-Cs7g15540.1; assigned CYP name=CYP89A121; source contains names/annotations only,,plants-Citrus.sinensis.P450s.xlsx,439b04b177dc4042ad5b25b22d7df0b4103208120eb011cb31644c1d756e7d16,Citrus sinensis CYP71 clan,140,sequence-missing
plants,Citrus sinensis,CYP89A122,dhCsi-CYP89A8-Cs7g15550.1,citrus-sinensis:Citrus sinensis CYP71 clan:0141,https://drnelson.uthsc.edu/Citrus.sinensis.P450s.xlsx,Workbook sheet Citrus sinensis CYP71 clan row 141; gene ID=dhCsi-CYP89A8-Cs7g15550.1; assigned CYP name=CYP89A122; source contains names/annotations only,,plants-Citrus.sinensis.P450s.xlsx,439b04b177dc4042ad5b25b22d7df0b4103208120eb011cb31644c1d756e7d16,Citrus sinensis CYP71 clan,141,sequence-missing
plants,Citrus sinensis,CYP89L1,dhCsi-CYP89B1-Cs6g20050.1,citrus-sinensis:Citrus sinensis CYP71 clan:0142,https://drnelson.uthsc.edu/Citrus.sinensis.P450s.xlsx,Workbook sheet Citrus sinensis CYP71 clan row 142; gene ID=dhCsi-CYP89B1-Cs6g20050.1; assigned CYP name=CYP89L1; source contains names/annotations only,,plants-Citrus.sinensis.P450s.xlsx,439b04b177dc4042ad5b25b22d7df0b4103208120eb011cb31644c1d756e7d16,Citrus sinensis CYP71 clan,142,sequence-missing
plants,Citrus sinensis,CYP92A74,dhCsi-CYP71A29-Cs5g08070.1,citrus-sinensis:Citrus sinensis CYP71 clan:0143,https://drnelson.uthsc.edu/Citrus.sinensis.P450s.xlsx,Workbook sheet Citrus sinensis CYP71 clan row 143; gene ID=dhCsi-CYP71A29-Cs5g08070.1; assigned CYP name=CYP92A74; source contains names/annotations only,,plants-Citrus.sinensis.P450s.xlsx,439b04b177dc4042ad5b25b22d7df0b4103208120eb011cb31644c1d756e7d16,Citrus sinensis CYP71 clan,143,sequence-missing
plants,Citrus sinensis,CYP92A75,dhCsi-CYP71A24-Cs5g08200.1,citrus-sinensis:Citrus sinensis CYP71 clan:0144,https://drnelson.uthsc.edu/Citrus.sinensis.P450s.xlsx,Workbook sheet Citrus sinensis CYP71 clan row 144; gene ID=dhCsi-CYP71A24-Cs5g08200.1; assigned CYP name=CYP92A75; source contains names/annotations only,,plants-Citrus.sinensis.P450s.xlsx,439b04b177dc4042ad5b25b22d7df0b4103208120eb011cb31644c1d756e7d16,Citrus sinensis CYP71 clan,144,sequence-missing
plants,Citrus sinensis,CYP92A76,dhCsi-CYP71A28-Cs1g10500.1,citrus-sinensis:Citrus sinensis CYP71 clan:0145,https://drnelson.uthsc.edu/Citrus.sinensis.P450s.xlsx,Workbook sheet Citrus sinensis CYP71 clan row 145; gene ID=dhCsi-CYP71A28-Cs1g10500.1; assigned CYP name=CYP92A76; source contains names/annotations only,,plants-Citrus.sinensis.P450s.xlsx,439b04b177dc4042ad5b25b22d7df0b4103208120eb011cb31644c1d756e7d16,Citrus sinensis CYP71 clan,145,sequence-missing
plants,Citrus sinensis,CYP92A77,dhCsi-CYP71A38P-orange1.1t01321.1,citrus-sinensis:Citrus sinensis CYP71 clan:0146,https://drnelson.uthsc.edu/Citrus.sinensis.P450s.xlsx,Workbook sheet Citrus sinensis CYP71 clan row 146; gene ID=dhCsi-CYP71A38P-orange1.1t01321.1; assigned CYP name=CYP92A77; source contains names/annotations only,,plants-Citrus.sinensis.P450s.xlsx,439b04b177dc4042ad5b25b22d7df0b4103208120eb011cb31644c1d756e7d16,Citrus sinensis CYP71 clan,146,sequence-missing
plants,Citrus sinensis,CYP92A78,dhCsi-CYP71B29-orange1.1t01327.1,citrus-sinensis:Citrus sinensis CYP71 clan:0147,https://drnelson.uthsc.edu/Citrus.sinensis.P450s.xlsx,Workbook sheet Citrus sinensis CYP71 clan row 147; gene ID=dhCsi-CYP71B29-orange1.1t01327.1; assigned CYP name=CYP92A78; source contains names/annotations only,,plants-Citrus.sinensis.P450s.xlsx,439b04b177dc4042ad5b25b22d7df0b4103208120eb011cb31644c1d756e7d16,Citrus sinensis CYP71 clan,147,sequence-missing
plants,Citrus sinensis,CYP92A79,dhCsi-CYP71B19-orange1.1t02775.1,citrus-sinensis:Citrus sinensis CYP71 clan:0148,https://drnelson.uthsc.edu/Citrus.sinensis.P450s.xlsx,Workbook sheet Citrus sinensis CYP71 clan row 148; gene ID=dhCsi-CYP71B19-orange1.1t02775.1; assigned CYP name=CYP92A79; source contains names/annotations only,,plants-Citrus.sinensis.P450s.xlsx,439b04b177dc4042ad5b25b22d7df0b4103208120eb011cb31644c1d756e7d16,Citrus sinensis CYP71 clan,148,sequence-missing
plants,Citrus sinensis,CYP92A80,dhCsi-CYP71B22-orange1.1t02780.1,citrus-sinensis:Citrus sinensis CYP71 clan:0149,https://drnelson.uthsc.edu/Citrus.sinensis.P450s.xlsx,Workbook sheet Citrus sinensis CYP71 clan row 149; gene ID=dhCsi-CYP71B22-orange1.1t02780.1; assigned CYP name=CYP92A80; source contains names/annotations only,,plants-Citrus.sinensis.P450s.xlsx,439b04b177dc4042ad5b25b22d7df0b4103208120eb011cb31644c1d756e7d16,Citrus sinensis CYP71 clan,149,sequence-missing
plants,Citrus sinensis,CYP92A81,dhCsi-CYP71B11-orange1.1t02784.1,citrus-sinensis:Citrus sinensis CYP71 clan:0150,https://drnelson.uthsc.edu/Citrus.sinensis.P450s.xlsx,Workbook sheet Citrus sinensis CYP71 clan row 150; gene ID=dhCsi-CYP71B11-orange1.1t02784.1; assigned CYP name=CYP92A81; source contains names/annotations only,,plants-Citrus.sinensis.P450s.xlsx,439b04b177dc4042ad5b25b22d7df0b4103208120eb011cb31644c1d756e7d16,Citrus sinensis CYP71 clan,150,sequence-missing
plants,Citrus sinensis,CYP92A82,dhCsi-CYP71B16-orange1.1t02788.1,citrus-sinensis:Citrus sinensis CYP71 clan:0151,https://drnelson.uthsc.edu/Citrus.sinensis.P450s.xlsx,Workbook sheet Citrus sinensis CYP71 clan row 151; gene ID=dhCsi-CYP71B16-orange1.1t02788.1; assigned CYP name=CYP92A82; source contains names/annotations only,,plants-Citrus.sinensis.P450s.xlsx,439b04b177dc4042ad5b25b22d7df0b4103208120eb011cb31644c1d756e7d16,Citrus sinensis CYP71 clan,151,sequence-missing
plants,Citrus sinensis,CYP92A83,dhCsi-CYP71B28-orange1.1t04499.1,citrus-sinensis:Citrus sinensis CYP71 clan:0152,https://drnelson.uthsc.edu/Citrus.sinensis.P450s.xlsx,Workbook sheet Citrus sinensis CYP71 clan row 152; gene ID=dhCsi-CYP71B28-orange1.1t04499.1; assigned CYP name=CYP92A83; source contains names/annotations only,,plants-Citrus.sinensis.P450s.xlsx,439b04b177dc4042ad5b25b22d7df0b4103208120eb011cb31644c1d756e7d16,Citrus sinensis CYP71 clan,152,sequence-missing
plants,Citrus sinensis,CYP92A84,dhCsi-CYP71B18-Cs4g07380.1,citrus-sinensis:Citrus sinensis CYP71 clan:0153,https://drnelson.uthsc.edu/Citrus.sinensis.P450s.xlsx,Workbook sheet Citrus sinensis CYP71 clan row 153; gene ID=dhCsi-CYP71B18-Cs4g07380.1; assigned CYP name=CYP92A84; source contains names/annotations only,,plants-Citrus.sinensis.P450s.xlsx,439b04b177dc4042ad5b25b22d7df0b4103208120eb011cb31644c1d756e7d16,Citrus sinensis CYP71 clan,153,sequence-missing
plants,Citrus sinensis,CYP92A85,dhCsi-CYP71B2-Cs1g17390.1,citrus-sinensis:Citrus sinensis CYP71 clan:0154,https://drnelson.uthsc.edu/Citrus.sinensis.P450s.xlsx,Workbook sheet Citrus sinensis CYP71 clan row 154; gene ID=dhCsi-CYP71B2-Cs1g17390.1; assigned CYP name=CYP92A85; source contains names/annotations only,,plants-Citrus.sinensis.P450s.xlsx,439b04b177dc4042ad5b25b22d7df0b4103208120eb011cb31644c1d756e7d16,Citrus sinensis CYP71 clan,154,sequence-missing
plants,Citrus sinensis,CYP92A86,dhCsi-CYP71B3-Cs1g17410.1,citrus-sinensis:Citrus sinensis CYP71 clan:0155,https://drnelson.uthsc.edu/Citrus.sinensis.P450s.xlsx,Workbook sheet Citrus sinensis CYP71 clan row 155; gene ID=dhCsi-CYP71B3-Cs1g17410.1; assigned CYP name=CYP92A86; source contains names/annotations only,,plants-Citrus.sinensis.P450s.xlsx,439b04b177dc4042ad5b25b22d7df0b4103208120eb011cb31644c1d756e7d16,Citrus sinensis CYP71 clan,155,sequence-missing
plants,Citrus sinensis,CYP92A87,dhCsi-CYP71B15-Cs1g17420.1,citrus-sinensis:Citrus sinensis CYP71 clan:0156,https://drnelson.uthsc.edu/Citrus.sinensis.P450s.xlsx,Workbook sheet Citrus sinensis CYP71 clan row 156; gene ID=dhCsi-CYP71B15-Cs1g17420.1; assigned CYP name=CYP92A87; source contains names/annotations only,,plants-Citrus.sinensis.P450s.xlsx,439b04b177dc4042ad5b25b22d7df0b4103208120eb011cb31644c1d756e7d16,Citrus sinensis CYP71 clan,156,sequence-missing
plants,Citrus sinensis,CYP92A88,dhCsi-CYP71B14-Cs2g08630.1,citrus-sinensis:Citrus sinensis CYP71 clan:0157,https://drnelson.uthsc.edu/Citrus.sinensis.P450s.xlsx,Workbook sheet Citrus sinensis CYP71 clan row 157; gene ID=dhCsi-CYP71B14-Cs2g08630.1; assigned CYP name=CYP92A88; source contains names/annotations only,,plants-Citrus.sinensis.P450s.xlsx,439b04b177dc4042ad5b25b22d7df0b4103208120eb011cb31644c1d756e7d16,Citrus sinensis CYP71 clan,157,sequence-missing
plants,Citrus sinensis,CYP93B26,dhCsi-CYP93E2-Cs5g18660.1,citrus-sinensis:Citrus sinensis CYP71 clan:0158,https://drnelson.uthsc.edu/Citrus.sinensis.P450s.xlsx,Workbook sheet Citrus sinensis CYP71 clan row 158; gene ID=dhCsi-CYP93E2-Cs5g18660.1; assigned CYP name=CYP93B26; source contains names/annotations only,,plants-Citrus.sinensis.P450s.xlsx,439b04b177dc4042ad5b25b22d7df0b4103208120eb011cb31644c1d756e7d16,Citrus sinensis CYP71 clan,158,sequence-missing
plants,Citrus sinensis,CYP93B27,dhCsi-CYP93E1-Cs5g18700.1,citrus-sinensis:Citrus sinensis CYP71 clan:0159,https://drnelson.uthsc.edu/Citrus.sinensis.P450s.xlsx,Workbook sheet Citrus sinensis CYP71 clan row 159; gene ID=dhCsi-CYP93E1-Cs5g18700.1; assigned CYP name=CYP93B27; source contains names/annotations only,,plants-Citrus.sinensis.P450s.xlsx,439b04b177dc4042ad5b25b22d7df0b4103208120eb011cb31644c1d756e7d16,Citrus sinensis CYP71 clan,159,sequence-missing
plants,Citrus sinensis,CYP93A65,dhCsi-CYP93D1-Cs7g18880.1,citrus-sinensis:Citrus sinensis CYP71 clan:0160,https://drnelson.uthsc.edu/Citrus.sinensis.P450s.xlsx,Workbook sheet Citrus sinensis CYP71 clan row 160; gene ID=dhCsi-CYP93D1-Cs7g18880.1; assigned CYP name=CYP93A65; source contains names/annotations only,,plants-Citrus.sinensis.P450s.xlsx,439b04b177dc4042ad5b25b22d7df0b4103208120eb011cb31644c1d756e7d16,Citrus sinensis CYP71 clan,160,sequence-missing
plants,Citrus sinensis,CYP93A66,dhCsi-CYP93D4-Cs7g18890.1,citrus-sinensis:Citrus sinensis CYP71 clan:0161,https://drnelson.uthsc.edu/Citrus.sinensis.P450s.xlsx,Workbook sheet Citrus sinensis CYP71 clan row 161; gene ID=dhCsi-CYP93D4-Cs7g18890.1; assigned CYP name=CYP93A66; source contains names/annotations only,,plants-Citrus.sinensis.P450s.xlsx,439b04b177dc4042ad5b25b22d7df0b4103208120eb011cb31644c1d756e7d16,Citrus sinensis CYP71 clan,161,sequence-missing
plants,Citrus sinensis,CYP93A67,dhCsi-CYP93D6-Cs7g18910.1,citrus-sinensis:Citrus sinensis CYP71 clan:0162,https://drnelson.uthsc.edu/Citrus.sinensis.P450s.xlsx,Workbook sheet Citrus sinensis CYP71 clan row 162; gene ID=dhCsi-CYP93D6-Cs7g18910.1; assigned CYP name=CYP93A67; source contains names/annotations only,,plants-Citrus.sinensis.P450s.xlsx,439b04b177dc4042ad5b25b22d7df0b4103208120eb011cb31644c1d756e7d16,Citrus sinensis CYP71 clan,162,sequence-missing
plants,Citrus sinensis,CYP93A68,dhCsi-CYP93D5-Cs7g18920.1,citrus-sinensis:Citrus sinensis CYP71 clan:0163,https://drnelson.uthsc.edu/Citrus.sinensis.P450s.xlsx,Workbook sheet Citrus sinensis CYP71 clan row 163; gene ID=dhCsi-CYP93D5-Cs7g18920.1; assigned CYP name=CYP93A68; source contains names/annotations only,,plants-Citrus.sinensis.P450s.xlsx,439b04b177dc4042ad5b25b22d7df0b4103208120eb011cb31644c1d756e7d16,Citrus sinensis CYP71 clan,163,sequence-missing
plants,Citrus sinensis,CYP93A69,dhCsi-CYP93D2-Cs7g18930.1,citrus-sinensis:Citrus sinensis CYP71 clan:0164,https://drnelson.uthsc.edu/Citrus.sinensis.P450s.xlsx,Workbook sheet Citrus sinensis CYP71 clan row 164; gene ID=dhCsi-CYP93D2-Cs7g18930.1; assigned CYP name=CYP93A69; source contains names/annotations only,,plants-Citrus.sinensis.P450s.xlsx,439b04b177dc4042ad5b25b22d7df0b4103208120eb011cb31644c1d756e7d16,Citrus sinensis CYP71 clan,164,sequence-missing
plants,Citrus sinensis,CYP93A70,dhCsi-CYP93D3-Cs7g18940.1,citrus-sinensis:Citrus sinensis CYP71 clan:0165,https://drnelson.uthsc.edu/Citrus.sinensis.P450s.xlsx,Workbook sheet Citrus sinensis CYP71 clan row 165; gene ID=dhCsi-CYP93D3-Cs7g18940.1; assigned CYP name=CYP93A70; source contains names/annotations only,,plants-Citrus.sinensis.P450s.xlsx,439b04b177dc4042ad5b25b22d7df0b4103208120eb011cb31644c1d756e7d16,Citrus sinensis CYP71 clan,165,sequence-missing
plants,Citrus sinensis,CYP98A79,dhCsi-CYP98A3-Cs6g16650.1,citrus-sinensis:Citrus sinensis CYP71 clan:0166,https://drnelson.uthsc.edu/Citrus.sinensis.P450s.xlsx,Workbook sheet Citrus sinensis CYP71 clan row 166; gene ID=dhCsi-CYP98A3-Cs6g16650.1; assigned CYP name=CYP98A79; source contains names/annotations only,,plants-Citrus.sinensis.P450s.xlsx,439b04b177dc4042ad5b25b22d7df0b4103208120eb011cb31644c1d756e7d16,Citrus sinensis CYP71 clan,166,sequence-missing
plants,Citrus sinensis,CYP98A80,dhCsi-CYP98A8-Cs5g03970.1,citrus-sinensis:Citrus sinensis CYP71 clan:0167,https://drnelson.uthsc.edu/Citrus.sinensis.P450s.xlsx,Workbook sheet Citrus sinensis CYP71 clan row 167; gene ID=dhCsi-CYP98A8-Cs5g03970.1; assigned CYP name=CYP98A80; source contains names/annotations only,,plants-Citrus.sinensis.P450s.xlsx,439b04b177dc4042ad5b25b22d7df0b4103208120eb011cb31644c1d756e7d16,Citrus sinensis CYP71 clan,167,sequence-missing
plants,Citrus sinensis,CYP701A41,dhCsi-CYP701A4-orange1.1t01909.1,citrus-sinensis:Citrus sinensis CYP71 clan:0168,https://drnelson.uthsc.edu/Citrus.sinensis.P450s.xlsx,Workbook sheet Citrus sinensis CYP71 clan row 168; gene ID=dhCsi-CYP701A4-orange1.1t01909.1; assigned CYP name=CYP701A41; source contains names/annotations only,,plants-Citrus.sinensis.P450s.xlsx,439b04b177dc4042ad5b25b22d7df0b4103208120eb011cb31644c1d756e7d16,Citrus sinensis CYP71 clan,168,sequence-missing
plants,Citrus sinensis,CYP701A42,dhCsi-CYP701A3-orange1.1t01910.1,citrus-sinensis:Citrus sinensis CYP71 clan:0169,https://drnelson.uthsc.edu/Citrus.sinensis.P450s.xlsx,Workbook sheet Citrus sinensis CYP71 clan row 169; gene ID=dhCsi-CYP701A3-orange1.1t01910.1; assigned CYP name=CYP701A42; source contains names/annotations only,,plants-Citrus.sinensis.P450s.xlsx,439b04b177dc4042ad5b25b22d7df0b4103208120eb011cb31644c1d756e7d16,Citrus sinensis CYP71 clan,169,sequence-missing
plants,Citrus sinensis,CYP703A20,dhCsi-CYP703A2-orange1.1t00504.1,citrus-sinensis:Citrus sinensis CYP71 clan:0170,https://drnelson.uthsc.edu/Citrus.sinensis.P450s.xlsx,Workbook sheet Citrus sinensis CYP71 clan row 170; gene ID=dhCsi-CYP703A2-orange1.1t00504.1; assigned CYP name=CYP703A20; source contains names/annotations only,,plants-Citrus.sinensis.P450s.xlsx,439b04b177dc4042ad5b25b22d7df0b4103208120eb011cb31644c1d756e7d16,Citrus sinensis CYP71 clan,170,sequence-missing
plants,Citrus sinensis,CYP706B7,dhCsi-CYP706A14-orange1.1t03164.1,citrus-sinensis:Citrus sinensis CYP71 clan:0171,https://drnelson.uthsc.edu/Citrus.sinensis.P450s.xlsx,Workbook sheet Citrus sinensis CYP71 clan row 171; gene ID=dhCsi-CYP706A14-orange1.1t03164.1; assigned CYP name=CYP706B7; source contains names/annotations only,,plants-Citrus.sinensis.P450s.xlsx,439b04b177dc4042ad5b25b22d7df0b4103208120eb011cb31644c1d756e7d16,Citrus sinensis CYP71 clan,171,sequence-missing
plants,Citrus sinensis,CYP706B8,dhCsi-CYP706A9-orange1.1t03165.1,citrus-sinensis:Citrus sinensis CYP71 clan:0172,https://drnelson.uthsc.edu/Citrus.sinensis.P450s.xlsx,Workbook sheet Citrus sinensis CYP71 clan row 172; gene ID=dhCsi-CYP706A9-orange1.1t03165.1; assigned CYP name=CYP706B8; source contains names/annotations only,,plants-Citrus.sinensis.P450s.xlsx,439b04b177dc4042ad5b25b22d7df0b4103208120eb011cb31644c1d756e7d16,Citrus sinensis CYP71 clan,172,sequence-missing
plants,Citrus sinensis,CYP706B9,dhCsi-CYP706A15-orange1.1t03166.1,citrus-sinensis:Citrus sinensis CYP71 clan:0173,https://drnelson.uthsc.edu/Citrus.sinensis.P450s.xlsx,Workbook sheet Citrus sinensis CYP71 clan row 173; gene ID=dhCsi-CYP706A15-orange1.1t03166.1; assigned CYP name=CYP706B9; source contains names/annotations only,,plants-Citrus.sinensis.P450s.xlsx,439b04b177dc4042ad5b25b22d7df0b4103208120eb011cb31644c1d756e7d16,Citrus sinensis CYP71 clan,173,sequence-missing
plants,Citrus sinensis,CYP706B10,dhCsi-CYP706A11-orange1.1t03167.1,citrus-sinensis:Citrus sinensis CYP71 clan:0174,https://drnelson.uthsc.edu/Citrus.sinensis.P450s.xlsx,Workbook sheet Citrus sinensis CYP71 clan row 174; gene ID=dhCsi-CYP706A11-orange1.1t03167.1; assigned CYP name=CYP706B10; source contains names/annotations only,,plants-Citrus.sinensis.P450s.xlsx,439b04b177dc4042ad5b25b22d7df0b4103208120eb011cb31644c1d756e7d16,Citrus sinensis CYP71 clan,174,sequence-missing
plants,Citrus sinensis,CYP706B11,dhCsi-CYP706A10-orange1.1t03168.1,citrus-sinensis:Citrus sinensis CYP71 clan:0175,https://drnelson.uthsc.edu/Citrus.sinensis.P450s.xlsx,Workbook sheet Citrus sinensis CYP71 clan row 175; gene ID=dhCsi-CYP706A10-orange1.1t03168.1; assigned CYP name=CYP706B11; source contains names/annotations only,,plants-Citrus.sinensis.P450s.xlsx,439b04b177dc4042ad5b25b22d7df0b4103208120eb011cb31644c1d756e7d16,Citrus sinensis CYP71 clan,175,sequence-missing
plants,Citrus sinensis,CYP706B12,dhCsi-CYP706A13-orange1.1t03176.1,citrus-sinensis:Citrus sinensis CYP71 clan:0176,https://drnelson.uthsc.edu/Citrus.sinensis.P450s.xlsx,Workbook sheet Citrus sinensis CYP71 clan row 176; gene ID=dhCsi-CYP706A13-orange1.1t03176.1; assigned CYP name=CYP706B12; source contains names/annotations only,,plants-Citrus.sinensis.P450s.xlsx,439b04b177dc4042ad5b25b22d7df0b4103208120eb011cb31644c1d756e7d16,Citrus sinensis CYP71 clan,176,sequence-missing
plants,Citrus sinensis,CYP706B13,dhCsi-CYP706A5-Cs3g05810.1,citrus-sinensis:Citrus sinensis CYP71 clan:0177,https://drnelson.uthsc.edu/Citrus.sinensis.P450s.xlsx,Workbook sheet Citrus sinensis CYP71 clan row 177; gene ID=dhCsi-CYP706A5-Cs3g05810.1; assigned CYP name=CYP706B13; source contains names/annotations only,,plants-Citrus.sinensis.P450s.xlsx,439b04b177dc4042ad5b25b22d7df0b4103208120eb011cb31644c1d756e7d16,Citrus sinensis CYP71 clan,177,sequence-missing
plants,Citrus sinensis,CYP706B14,dhCsi-CYP706A4-Cs5g09460.1,citrus-sinensis:Citrus sinensis CYP71 clan:0178,https://drnelson.uthsc.edu/Citrus.sinensis.P450s.xlsx,Workbook sheet Citrus sinensis CYP71 clan row 178; gene ID=dhCsi-CYP706A4-Cs5g09460.1; assigned CYP name=CYP706B14; source contains names/annotations only,,plants-Citrus.sinensis.P450s.xlsx,439b04b177dc4042ad5b25b22d7df0b4103208120eb011cb31644c1d756e7d16,Citrus sinensis CYP71 clan,178,sequence-missing
plants,Citrus sinensis,CYP706C36,dhCsi-CYP706A2-Cs5g09450.1,citrus-sinensis:Citrus sinensis CYP71 clan:0179,https://drnelson.uthsc.edu/Citrus.sinensis.P450s.xlsx,Workbook sheet Citrus sinensis CYP71 clan row 179; gene ID=dhCsi-CYP706A2-Cs5g09450.1; assigned CYP name=CYP706C36; source contains names/annotations only,,plants-Citrus.sinensis.P450s.xlsx,439b04b177dc4042ad5b25b22d7df0b4103208120eb011cb31644c1d756e7d16,Citrus sinensis CYP71 clan,179,sequence-missing
plants,Citrus sinensis,CYP706J10,dhCsi-CYP706A3-Cs9g14170.1,citrus-sinensis:Citrus sinensis CYP71 clan:0180,https://drnelson.uthsc.edu/Citrus.sinensis.P450s.xlsx,Workbook sheet Citrus sinensis CYP71 clan row 180; gene ID=dhCsi-CYP706A3-Cs9g14170.1; assigned CYP name=CYP706J10; source contains names/annotations only,,plants-Citrus.sinensis.P450s.xlsx,439b04b177dc4042ad5b25b22d7df0b4103208120eb011cb31644c1d756e7d16,Citrus sinensis CYP71 clan,180,sequence-missing
plants,Citrus sinensis,CYP706J11,dhCsi-CYP706A7-orange1.1t04983.1,citrus-sinensis:Citrus sinensis CYP71 clan:0181,https://drnelson.uthsc.edu/Citrus.sinensis.P450s.xlsx,Workbook sheet Citrus sinensis CYP71 clan row 181; gene ID=dhCsi-CYP706A7-orange1.1t04983.1; assigned CYP name=CYP706J11; source contains names/annotations only,,plants-Citrus.sinensis.P450s.xlsx,439b04b177dc4042ad5b25b22d7df0b4103208120eb011cb31644c1d756e7d16,Citrus sinensis CYP71 clan,181,sequence-missing
plants,Citrus sinensis,CYP706J12,dhCsi-CYP706A8-orange1.1t04984.1,citrus-sinensis:Citrus sinensis CYP71 clan:0182,https://drnelson.uthsc.edu/Citrus.sinensis.P450s.xlsx,Workbook sheet Citrus sinensis CYP71 clan row 182; gene ID=dhCsi-CYP706A8-orange1.1t04984.1; assigned CYP name=CYP706J12; source contains names/annotations only,,plants-Citrus.sinensis.P450s.xlsx,439b04b177dc4042ad5b25b22d7df0b4103208120eb011cb31644c1d756e7d16,Citrus sinensis CYP71 clan,182,sequence-missing
plants,Citrus sinensis,CYP712A15,dhCsi-CYP712A1-Cs9g13910.1,citrus-sinensis:Citrus sinensis CYP71 clan:0183,https://drnelson.uthsc.edu/Citrus.sinensis.P450s.xlsx,Workbook sheet Citrus sinensis CYP71 clan row 183; gene ID=dhCsi-CYP712A1-Cs9g13910.1; assigned CYP name=CYP712A15; source contains names/annotations only,,plants-Citrus.sinensis.P450s.xlsx,439b04b177dc4042ad5b25b22d7df0b4103208120eb011cb31644c1d756e7d16,Citrus sinensis CYP71 clan,183,sequence-missing
plants,Citrus sinensis,CYP712C4,dhCsi-CYP712A2-Cs9g13830.1,citrus-sinensis:Citrus sinensis CYP71 clan:0184,https://drnelson.uthsc.edu/Citrus.sinensis.P450s.xlsx,Workbook sheet Citrus sinensis CYP71 clan row 184; gene ID=dhCsi-CYP712A2-Cs9g13830.1; assigned CYP name=CYP712C4; source contains names/annotations only,,plants-Citrus.sinensis.P450s.xlsx,439b04b177dc4042ad5b25b22d7df0b4103208120eb011cb31644c1d756e7d16,Citrus sinensis CYP71 clan,184,sequence-missing
plants,Citrus sinensis,CYP712J2,dhCsi-CYP712A3-Cs9g13880.1,citrus-sinensis:Citrus sinensis CYP71 clan:0185,https://drnelson.uthsc.edu/Citrus.sinensis.P450s.xlsx,Workbook sheet Citrus sinensis CYP71 clan row 185; gene ID=dhCsi-CYP712A3-Cs9g13880.1; assigned CYP name=CYP712J2; source contains names/annotations only,,plants-Citrus.sinensis.P450s.xlsx,439b04b177dc4042ad5b25b22d7df0b4103208120eb011cb31644c1d756e7d16,Citrus sinensis CYP71 clan,185,sequence-missing
plants,Citrus sinensis,CYP712J3,dhCsi-CYP712A4-Cs9g13900.1,citrus-sinensis:Citrus sinensis CYP71 clan:0186,https://drnelson.uthsc.edu/Citrus.sinensis.P450s.xlsx,Workbook sheet Citrus sinensis CYP71 clan row 186; gene ID=dhCsi-CYP712A4-Cs9g13900.1; assigned CYP name=CYP712J3; source contains names/annotations only,,plants-Citrus.sinensis.P450s.xlsx,439b04b177dc4042ad5b25b22d7df0b4103208120eb011cb31644c1d756e7d16,Citrus sinensis CYP71 clan,186,sequence-missing
plants,Citrus sinensis,CYP736A124,dhCsi-CYP71B17-Cs1g02540.1,citrus-sinensis:Citrus sinensis CYP71 clan:0187,https://drnelson.uthsc.edu/Citrus.sinensis.P450s.xlsx,Workbook sheet Citrus sinensis CYP71 clan row 187; gene ID=dhCsi-CYP71B17-Cs1g02540.1; assigned CYP name=CYP736A124; source contains names/annotations only,,plants-Citrus.sinensis.P450s.xlsx,439b04b177dc4042ad5b25b22d7df0b4103208120eb011cb31644c1d756e7d16,Citrus sinensis CYP71 clan,187,sequence-missing
plants,Citrus sinensis,CYP736A125,dhCsi-CYP71C6-orange1.1t03357.1,citrus-sinensis:Citrus sinensis CYP71 clan:0188,https://drnelson.uthsc.edu/Citrus.sinensis.P450s.xlsx,Workbook sheet Citrus sinensis CYP71 clan row 188; gene ID=dhCsi-CYP71C6-orange1.1t03357.1; assigned CYP name=CYP736A125; source contains names/annotations only,,plants-Citrus.sinensis.P450s.xlsx,439b04b177dc4042ad5b25b22d7df0b4103208120eb011cb31644c1d756e7d16,Citrus sinensis CYP71 clan,188,sequence-missing
plants,Citrus sinensis,CYP736A126,dhCsi-CYP71C4-orange1.1t03363.1,citrus-sinensis:Citrus sinensis CYP71 clan:0189,https://drnelson.uthsc.edu/Citrus.sinensis.P450s.xlsx,Workbook sheet Citrus sinensis CYP71 clan row 189; gene ID=dhCsi-CYP71C4-orange1.1t03363.1; assigned CYP name=CYP736A126; source contains names/annotations only,,plants-Citrus.sinensis.P450s.xlsx,439b04b177dc4042ad5b25b22d7df0b4103208120eb011cb31644c1d756e7d16,Citrus sinensis CYP71 clan,189,sequence-missing
plants,Citrus sinensis,CYP51G1,dhCsi-CYP51G1-Cs8g10820.1,citrus-sinensis:Citrus sinensis other clans:0002,https://drnelson.uthsc.edu/Citrus.sinensis.P450s.xlsx,Workbook sheet Citrus sinensis other clans row 2; gene ID=dhCsi-CYP51G1-Cs8g10820.1; assigned CYP name=CYP51G1; source contains names/annotations only,,plants-Citrus.sinensis.P450s.xlsx,439b04b177dc4042ad5b25b22d7df0b4103208120eb011cb31644c1d756e7d16,Citrus sinensis other clans,2,sequence-missing
plants,Citrus sinensis,CYP72A316,dhCsi-CYP72A9-Cs5g14970.1,citrus-sinensis:Citrus sinensis other clans:0003,https://drnelson.uthsc.edu/Citrus.sinensis.P450s.xlsx,Workbook sheet Citrus sinensis other clans row 3; gene ID=dhCsi-CYP72A9-Cs5g14970.1; assigned CYP name=CYP72A316; source contains names/annotations only,,plants-Citrus.sinensis.P450s.xlsx,439b04b177dc4042ad5b25b22d7df0b4103208120eb011cb31644c1d756e7d16,Citrus sinensis other clans,3,sequence-missing
plants,Citrus sinensis,CYP72A317,dhCsi-CYP72A10-orange1.1t04726.1,citrus-sinensis:Citrus sinensis other clans:0004,https://drnelson.uthsc.edu/Citrus.sinensis.P450s.xlsx,Workbook sheet Citrus sinensis other clans row 4; gene ID=dhCsi-CYP72A10-orange1.1t04726.1; assigned CYP name=CYP72A317; source contains names/annotations only,,plants-Citrus.sinensis.P450s.xlsx,439b04b177dc4042ad5b25b22d7df0b4103208120eb011cb31644c1d756e7d16,Citrus sinensis other clans,4,sequence-missing
plants,Citrus sinensis,CYP72A318,dhCsi-CYP72A15-Cs5g13030.1,citrus-sinensis:Citrus sinensis other clans:0005,https://drnelson.uthsc.edu/Citrus.sinensis.P450s.xlsx,Workbook sheet Citrus sinensis other clans row 5; gene ID=dhCsi-CYP72A15-Cs5g13030.1; assigned CYP name=CYP72A318; source contains names/annotations only,,plants-Citrus.sinensis.P450s.xlsx,439b04b177dc4042ad5b25b22d7df0b4103208120eb011cb31644c1d756e7d16,Citrus sinensis other clans,5,sequence-missing
plants,Citrus sinensis,CYP72A319,dhCsi-CYP72A13-Cs5g13040.1,citrus-sinensis:Citrus sinensis other clans:0006,https://drnelson.uthsc.edu/Citrus.sinensis.P450s.xlsx,Workbook sheet Citrus sinensis other clans row 6; gene ID=dhCsi-CYP72A13-Cs5g13040.1; assigned CYP name=CYP72A319; source contains names/annotations only,,plants-Citrus.sinensis.P450s.xlsx,439b04b177dc4042ad5b25b22d7df0b4103208120eb011cb31644c1d756e7d16,Citrus sinensis other clans,6,sequence-missing
plants,Citrus sinensis,CYP72A320,dhCsi-CYP72A14-orange1.1t04743.1,citrus-sinensis:Citrus sinensis other clans:0007,https://drnelson.uthsc.edu/Citrus.sinensis.P450s.xlsx,Workbook sheet Citrus sinensis other clans row 7; gene ID=dhCsi-CYP72A14-orange1.1t04743.1; assigned CYP name=CYP72A320; source contains names/annotations only,,plants-Citrus.sinensis.P450s.xlsx,439b04b177dc4042ad5b25b22d7df0b4103208120eb011cb31644c1d756e7d16,Citrus sinensis other clans,7,sequence-missing
plants,Citrus sinensis,CYP72A321,dhCsi-CYP72C2-Cs5g14900.1,citrus-sinensis:Citrus sinensis other clans:0008,https://drnelson.uthsc.edu/Citrus.sinensis.P450s.xlsx,Workbook sheet Citrus sinensis other clans row 8; gene ID=dhCsi-CYP72C2-Cs5g14900.1; assigned CYP name=CYP72A321; source contains names/annotations only,,plants-Citrus.sinensis.P450s.xlsx,439b04b177dc4042ad5b25b22d7df0b4103208120eb011cb31644c1d756e7d16,Citrus sinensis other clans,8,sequence-missing
plants,Citrus sinensis,CYP72A322,dhCsi-CYP72C3-Cs5g14800.2,citrus-sinensis:Citrus sinensis other clans:0009,https://drnelson.uthsc.edu/Citrus.sinensis.P450s.xlsx,Workbook sheet Citrus sinensis other clans row 9; gene ID=dhCsi-CYP72C3-Cs5g14800.2; assigned CYP name=CYP72A322; source contains names/annotations only,,plants-Citrus.sinensis.P450s.xlsx,439b04b177dc4042ad5b25b22d7df0b4103208120eb011cb31644c1d756e7d16,Citrus sinensis other clans,9,sequence-missing
plants,Citrus sinensis,CYP72A323,dhCsi-CYP72C4-Cs5g14880.1,citrus-sinensis:Citrus sinensis other clans:0010,https://drnelson.uthsc.edu/Citrus.sinensis.P450s.xlsx,Workbook sheet Citrus sinensis other clans row 10; gene ID=dhCsi-CYP72C4-Cs5g14880.1; assigned CYP name=CYP72A323; source contains names/annotations only,,plants-Citrus.sinensis.P450s.xlsx,439b04b177dc4042ad5b25b22d7df0b4103208120eb011cb31644c1d756e7d16,Citrus sinensis other clans,10,sequence-missing
plants,Citrus sinensis,CYP72A324,dhCsi-CYP72C5-orange1.1t04729.1,citrus-sinensis:Citrus sinensis other clans:0011,https://drnelson.uthsc.edu/Citrus.sinensis.P450s.xlsx,Workbook sheet Citrus sinensis other clans row 11; gene ID=dhCsi-CYP72C5-orange1.1t04729.1; assigned CYP name=CYP72A324; source contains names/annotations only,,plants-Citrus.sinensis.P450s.xlsx,439b04b177dc4042ad5b25b22d7df0b4103208120eb011cb31644c1d756e7d16,Citrus sinensis other clans,11,sequence-missing
plants,Citrus sinensis,CYP72A325,dhCsi-CYP72C6-orange1.1t04730.1,citrus-sinensis:Citrus sinensis other clans:0012,https://drnelson.uthsc.edu/Citrus.sinensis.P450s.xlsx,Workbook sheet Citrus sinensis other clans row 12; gene ID=dhCsi-CYP72C6-orange1.1t04730.1; assigned CYP name=CYP72A325; source contains names/annotations only,,plants-Citrus.sinensis.P450s.xlsx,439b04b177dc4042ad5b25b22d7df0b4103208120eb011cb31644c1d756e7d16,Citrus sinensis other clans,12,sequence-missing
plants,Citrus sinensis,CYP72D12,dhCsi-CYP72A7-Cs4g06120.1,citrus-sinensis:Citrus sinensis other clans:0013,https://drnelson.uthsc.edu/Citrus.sinensis.P450s.xlsx,Workbook sheet Citrus sinensis other clans row 13; gene ID=dhCsi-CYP72A7-Cs4g06120.1; assigned CYP name=CYP72D12; source contains names/annotations only,,plants-Citrus.sinensis.P450s.xlsx,439b04b177dc4042ad5b25b22d7df0b4103208120eb011cb31644c1d756e7d16,Citrus sinensis other clans,13,sequence-missing
plants,Citrus sinensis,CYP74A1,dhCsi-CYP74A-Cs3g24230.1,citrus-sinensis:Citrus sinensis other clans:0014,https://drnelson.uthsc.edu/Citrus.sinensis.P450s.xlsx,Workbook sheet Citrus sinensis other clans row 14; gene ID=dhCsi-CYP74A-Cs3g24230.1; assigned CYP name=CYP74A1; source contains names/annotations only,,plants-Citrus.sinensis.P450s.xlsx,439b04b177dc4042ad5b25b22d7df0b4103208120eb011cb31644c1d756e7d16,Citrus sinensis other clans,14,sequence-missing
plants,Citrus sinensis,CYP74A34,dhCsi-CYP74A1-Cs5g28310.1,citrus-sinensis:Citrus sinensis other clans:0015,https://drnelson.uthsc.edu/Citrus.sinensis.P450s.xlsx,Workbook sheet Citrus sinensis other clans row 15; gene ID=dhCsi-CYP74A1-Cs5g28310.1; assigned CYP name=CYP74A34; source contains names/annotations only,,plants-Citrus.sinensis.P450s.xlsx,439b04b177dc4042ad5b25b22d7df0b4103208120eb011cb31644c1d756e7d16,Citrus sinensis other clans,15,sequence-missing
plants,Citrus sinensis,CYP74B10,dhCsi-CYP74B2-Cs2g21000.1,citrus-sinensis:Citrus sinensis other clans:0016,https://drnelson.uthsc.edu/Citrus.sinensis.P450s.xlsx,Workbook sheet Citrus sinensis other clans row 16; gene ID=dhCsi-CYP74B2-Cs2g21000.1; assigned CYP name=CYP74B10; source contains names/annotations only,,plants-Citrus.sinensis.P450s.xlsx,439b04b177dc4042ad5b25b22d7df0b4103208120eb011cb31644c1d756e7d16,Citrus sinensis other clans,16,sequence-missing
plants,Citrus sinensis,CYP85A1,dhCsi-CYP85A1-Cs6g19630.1,citrus-sinensis:Citrus sinensis other clans:0017,https://drnelson.uthsc.edu/Citrus.sinensis.P450s.xlsx,Workbook sheet Citrus sinensis other clans row 17; gene ID=dhCsi-CYP85A1-Cs6g19630.1; assigned CYP name=CYP85A1; source contains names/annotations only,,plants-Citrus.sinensis.P450s.xlsx,439b04b177dc4042ad5b25b22d7df0b4103208120eb011cb31644c1d756e7d16,Citrus sinensis other clans,17,sequence-missing
plants,Citrus sinensis,CYP85A31,dhCsi-CYP85A2-Cs7g11720.1,citrus-sinensis:Citrus sinensis other clans:0018,https://drnelson.uthsc.edu/Citrus.sinensis.P450s.xlsx,Workbook sheet Citrus sinensis other clans row 18; gene ID=dhCsi-CYP85A2-Cs7g11720.1; assigned CYP name=CYP85A31; source contains names/annotations only,,plants-Citrus.sinensis.P450s.xlsx,439b04b177dc4042ad5b25b22d7df0b4103208120eb011cb31644c1d756e7d16,Citrus sinensis other clans,18,sequence-missing
plants,Citrus sinensis,CYP86A88,dhCsi-CYP86A1-Cs8g19970.1,citrus-sinensis:Citrus sinensis other clans:0019,https://drnelson.uthsc.edu/Citrus.sinensis.P450s.xlsx,Workbook sheet Citrus sinensis other clans row 19; gene ID=dhCsi-CYP86A1-Cs8g19970.1; assigned CYP name=CYP86A88; source contains names/annotations only,,plants-Citrus.sinensis.P450s.xlsx,439b04b177dc4042ad5b25b22d7df0b4103208120eb011cb31644c1d756e7d16,Citrus sinensis other clans,19,sequence-missing
plants,Citrus sinensis,CYP86A89,dhCsi-CYP86A2-orange1.1t00377.1,citrus-sinensis:Citrus sinensis other clans:0020,https://drnelson.uthsc.edu/Citrus.sinensis.P450s.xlsx,Workbook sheet Citrus sinensis other clans row 20; gene ID=dhCsi-CYP86A2-orange1.1t00377.1; assigned CYP name=CYP86A89; source contains names/annotations only,,plants-Citrus.sinensis.P450s.xlsx,439b04b177dc4042ad5b25b22d7df0b4103208120eb011cb31644c1d756e7d16,Citrus sinensis other clans,20,sequence-missing
plants,Citrus sinensis,CYP86A90,dhCsi-CYP86A8-Cs5g03440.1,citrus-sinensis:Citrus sinensis other clans:0021,https://drnelson.uthsc.edu/Citrus.sinensis.P450s.xlsx,Workbook sheet Citrus sinensis other clans row 21; gene ID=dhCsi-CYP86A8-Cs5g03440.1; assigned CYP name=CYP86A90; source contains names/annotations only,,plants-Citrus.sinensis.P450s.xlsx,439b04b177dc4042ad5b25b22d7df0b4103208120eb011cb31644c1d756e7d16,Citrus sinensis other clans,21,sequence-missing
plants,Citrus sinensis,CYP86B16,dhCsi-CYP86B1-Cs7g13930.1,citrus-sinensis:Citrus sinensis other clans:0022,https://drnelson.uthsc.edu/Citrus.sinensis.P450s.xlsx,Workbook sheet Citrus sinensis other clans row 22; gene ID=dhCsi-CYP86B1-Cs7g13930.1; assigned CYP name=CYP86B16; source contains names/annotations only,,plants-Citrus.sinensis.P450s.xlsx,439b04b177dc4042ad5b25b22d7df0b4103208120eb011cb31644c1d756e7d16,Citrus sinensis other clans,22,sequence-missing
plants,Citrus sinensis,CYP87A37,dhCsi-CYP87A2-Cs5g10390.1,citrus-sinensis:Citrus sinensis other clans:0023,https://drnelson.uthsc.edu/Citrus.sinensis.P450s.xlsx,Workbook sheet Citrus sinensis other clans row 23; gene ID=dhCsi-CYP87A2-Cs5g10390.1; assigned CYP name=CYP87A37; source contains names/annotations only,,plants-Citrus.sinensis.P450s.xlsx,439b04b177dc4042ad5b25b22d7df0b4103208120eb011cb31644c1d756e7d16,Citrus sinensis other clans,23,sequence-missing
plants,Citrus sinensis,CYP87A38,dhCsi-CYP87A3-Cs5g23090.2,citrus-sinensis:Citrus sinensis other clans:0024,https://drnelson.uthsc.edu/Citrus.sinensis.P450s.xlsx,Workbook sheet Citrus sinensis other clans row 24; gene ID=dhCsi-CYP87A3-Cs5g23090.2; assigned CYP name=CYP87A38; source contains names/annotations only,,plants-Citrus.sinensis.P450s.xlsx,439b04b177dc4042ad5b25b22d7df0b4103208120eb011cb31644c1d756e7d16,Citrus sinensis other clans,24,sequence-missing
plants,Citrus sinensis,CYP87A39,dhCsi-CYP87A5-Cs2g24600.1,citrus-sinensis:Citrus sinensis other clans:0025,https://drnelson.uthsc.edu/Citrus.sinensis.P450s.xlsx,Workbook sheet Citrus sinensis other clans row 25; gene ID=dhCsi-CYP87A5-Cs2g24600.1; assigned CYP name=CYP87A39; source contains names/annotations only,,plants-Citrus.sinensis.P450s.xlsx,439b04b177dc4042ad5b25b22d7df0b4103208120eb011cb31644c1d756e7d16,Citrus sinensis other clans,25,sequence-missing
plants,Citrus sinensis,CYP88A36,dhCsi-CYP88C1-Cs7g22840.1,citrus-sinensis:Citrus sinensis other clans:0026,https://drnelson.uthsc.edu/Citrus.sinensis.P450s.xlsx,Workbook sheet Citrus sinensis other clans row 26; gene ID=dhCsi-CYP88C1-Cs7g22840.1; assigned CYP name=CYP88A36; source contains names/annotations only,,plants-Citrus.sinensis.P450s.xlsx,439b04b177dc4042ad5b25b22d7df0b4103208120eb011cb31644c1d756e7d16,Citrus sinensis other clans,26,sequence-missing
plants,Citrus sinensis,CYP88A37,dhCsi-CYP88A4-Cs7g22830.1,citrus-sinensis:Citrus sinensis other clans:0027,https://drnelson.uthsc.edu/Citrus.sinensis.P450s.xlsx,Workbook sheet Citrus sinensis other clans row 27; gene ID=dhCsi-CYP88A4-Cs7g22830.1; assigned CYP name=CYP88A37; source contains names/annotations only,,plants-Citrus.sinensis.P450s.xlsx,439b04b177dc4042ad5b25b22d7df0b4103208120eb011cb31644c1d756e7d16,Citrus sinensis other clans,27,sequence-missing
plants,Citrus sinensis,CYP88A50,dhCsi-CYP88A3-Cs1g02670.1,citrus-sinensis:Citrus sinensis other clans:0028,https://drnelson.uthsc.edu/Citrus.sinensis.P450s.xlsx,Workbook sheet Citrus sinensis other clans row 28; gene ID=dhCsi-CYP88A3-Cs1g02670.1; assigned CYP name=CYP88A50; source contains names/annotations only,,plants-Citrus.sinensis.P450s.xlsx,439b04b177dc4042ad5b25b22d7df0b4103208120eb011cb31644c1d756e7d16,Citrus sinensis other clans,28,sequence-missing
plants,Citrus sinensis,CYP88A51,dhCsi-CYP88B1-Cs7g22820.1,citrus-sinensis:Citrus sinensis other clans:0029,https://drnelson.uthsc.edu/Citrus.sinensis.P450s.xlsx,Workbook sheet Citrus sinensis other clans row 29; gene ID=dhCsi-CYP88B1-Cs7g22820.1; assigned CYP name=CYP88A51; source contains names/annotations only,,plants-Citrus.sinensis.P450s.xlsx,439b04b177dc4042ad5b25b22d7df0b4103208120eb011cb31644c1d756e7d16,Citrus sinensis other clans,29,sequence-missing
plants,Citrus sinensis,CYP90A8,dhCsi-CYP90A1-Cs7g31170.1,citrus-sinensis:Citrus sinensis other clans:0030,https://drnelson.uthsc.edu/Citrus.sinensis.P450s.xlsx,Workbook sheet Citrus sinensis other clans row 30; gene ID=dhCsi-CYP90A1-Cs7g31170.1; assigned CYP name=CYP90A8; source contains names/annotations only,,plants-Citrus.sinensis.P450s.xlsx,439b04b177dc4042ad5b25b22d7df0b4103208120eb011cb31644c1d756e7d16,Citrus sinensis other clans,30,sequence-missing
plants,Citrus sinensis,CYP90B25,dhCsi-CYP90B1-Cs1g24010.1,citrus-sinensis:Citrus sinensis other clans:0031,https://drnelson.uthsc.edu/Citrus.sinensis.P450s.xlsx,Workbook sheet Citrus sinensis other clans row 31; gene ID=dhCsi-CYP90B1-Cs1g24010.1; assigned CYP name=CYP90B25; source contains names/annotations only,,plants-Citrus.sinensis.P450s.xlsx,439b04b177dc4042ad5b25b22d7df0b4103208120eb011cb31644c1d756e7d16,Citrus sinensis other clans,31,sequence-missing
plants,Citrus sinensis,CYP90C18,dhCsi-CYP90C1-Cs1g24710.1,citrus-sinensis:Citrus sinensis other clans:0032,https://drnelson.uthsc.edu/Citrus.sinensis.P450s.xlsx,Workbook sheet Citrus sinensis other clans row 32; gene ID=dhCsi-CYP90C1-Cs1g24710.1; assigned CYP name=CYP90C18; source contains names/annotations only,,plants-Citrus.sinensis.P450s.xlsx,439b04b177dc4042ad5b25b22d7df0b4103208120eb011cb31644c1d756e7d16,Citrus sinensis other clans,32,sequence-missing
plants,Citrus sinensis,CYP90D26,dhCsi-CYP90D1-Cs1g18360.2,citrus-sinensis:Citrus sinensis other clans:0033,https://drnelson.uthsc.edu/Citrus.sinensis.P450s.xlsx,Workbook sheet Citrus sinensis other clans row 33; gene ID=dhCsi-CYP90D1-Cs1g18360.2; assigned CYP name=CYP90D26; source contains names/annotations only,,plants-Citrus.sinensis.P450s.xlsx,439b04b177dc4042ad5b25b22d7df0b4103208120eb011cb31644c1d756e7d16,Citrus sinensis other clans,33,sequence-missing
plants,Citrus sinensis,CYP94B48,dhCsi-CYP94B1-Cs5g07230.1,citrus-sinensis:Citrus sinensis other clans:0034,https://drnelson.uthsc.edu/Citrus.sinensis.P450s.xlsx,Workbook sheet Citrus sinensis other clans row 34; gene ID=dhCsi-CYP94B1-Cs5g07230.1; assigned CYP name=CYP94B48; source contains names/annotations only,,plants-Citrus.sinensis.P450s.xlsx,439b04b177dc4042ad5b25b22d7df0b4103208120eb011cb31644c1d756e7d16,Citrus sinensis other clans,34,sequence-missing
plants,Citrus sinensis,CYP94B49,dhCsi-CYP94B3-Cs2g25240.1,citrus-sinensis:Citrus sinensis other clans:0035,https://drnelson.uthsc.edu/Citrus.sinensis.P450s.xlsx,Workbook sheet Citrus sinensis other clans row 35; gene ID=dhCsi-CYP94B3-Cs2g25240.1; assigned CYP name=CYP94B49; source contains names/annotations only,,plants-Citrus.sinensis.P450s.xlsx,439b04b177dc4042ad5b25b22d7df0b4103208120eb011cb31644c1d756e7d16,Citrus sinensis other clans,35,sequence-missing
plants,Citrus sinensis,CYP94C52,dhCsi-CYP94C3-Cs3g07440.1,citrus-sinensis:Citrus sinensis other clans:0036,https://drnelson.uthsc.edu/Citrus.sinensis.P450s.xlsx,Workbook sheet Citrus sinensis other clans row 36; gene ID=dhCsi-CYP94C3-Cs3g07440.1; assigned CYP name=CYP94C52; source contains names/annotations only,,plants-Citrus.sinensis.P450s.xlsx,439b04b177dc4042ad5b25b22d7df0b4103208120eb011cb31644c1d756e7d16,Citrus sinensis other clans,36,sequence-missing
plants,Citrus sinensis,CYP94C53,dhCsi-CYP94C5-Cs6g15170.1,citrus-sinensis:Citrus sinensis other clans:0037,https://drnelson.uthsc.edu/Citrus.sinensis.P450s.xlsx,Workbook sheet Citrus sinensis other clans row 37; gene ID=dhCsi-CYP94C5-Cs6g15170.1; assigned CYP name=CYP94C53; source contains names/annotations only,,plants-Citrus.sinensis.P450s.xlsx,439b04b177dc4042ad5b25b22d7df0b4103208120eb011cb31644c1d756e7d16,Citrus sinensis other clans,37,sequence-missing
plants,Citrus sinensis,CYP94D45,dhCsi-CYP94D3-Cs6g16700.1,citrus-sinensis:Citrus sinensis other clans:0038,https://drnelson.uthsc.edu/Citrus.sinensis.P450s.xlsx,Workbook sheet Citrus sinensis other clans row 38; gene ID=dhCsi-CYP94D3-Cs6g16700.1; assigned CYP name=CYP94D45; source contains names/annotations only,,plants-Citrus.sinensis.P450s.xlsx,439b04b177dc4042ad5b25b22d7df0b4103208120eb011cb31644c1d756e7d16,Citrus sinensis other clans,38,sequence-missing
plants,Citrus sinensis,CYP94D46,dhCsi-CYP94D2-Cs6g16730.1,citrus-sinensis:Citrus sinensis other clans:0039,https://drnelson.uthsc.edu/Citrus.sinensis.P450s.xlsx,Workbook sheet Citrus sinensis other clans row 39; gene ID=dhCsi-CYP94D2-Cs6g16730.1; assigned CYP name=CYP94D46; source contains names/annotations only,,plants-Citrus.sinensis.P450s.xlsx,439b04b177dc4042ad5b25b22d7df0b4103208120eb011cb31644c1d756e7d16,Citrus sinensis other clans,39,sequence-missing
plants,Citrus sinensis,CYP94F7,dhCsi-CYP94D1-Cs2g31300.1,citrus-sinensis:Citrus sinensis other clans:0040,https://drnelson.uthsc.edu/Citrus.sinensis.P450s.xlsx,Workbook sheet Citrus sinensis other clans row 40; gene ID=dhCsi-CYP94D1-Cs2g31300.1; assigned CYP name=CYP94F7; source contains names/annotations only,,plants-Citrus.sinensis.P450s.xlsx,439b04b177dc4042ad5b25b22d7df0b4103208120eb011cb31644c1d756e7d16,Citrus sinensis other clans,40,sequence-missing
plants,Citrus sinensis,CYP96A82,dhCsi-CYP96A10-Cs1g03820.1,citrus-sinensis:Citrus sinensis other clans:0041,https://drnelson.uthsc.edu/Citrus.sinensis.P450s.xlsx,Workbook sheet Citrus sinensis other clans row 41; gene ID=dhCsi-CYP96A10-Cs1g03820.1; assigned CYP name=CYP96A82; source contains names/annotations only,,plants-Citrus.sinensis.P450s.xlsx,439b04b177dc4042ad5b25b22d7df0b4103208120eb011cb31644c1d756e7d16,Citrus sinensis other clans,41,sequence-missing
plants,Citrus sinensis,CYP96A83,dhCsi-CYP96A2-orange1.1t05017.1,citrus-sinensis:Citrus sinensis other clans:0042,https://drnelson.uthsc.edu/Citrus.sinensis.P450s.xlsx,Workbook sheet Citrus sinensis other clans row 42; gene ID=dhCsi-CYP96A2-orange1.1t05017.1; assigned CYP name=CYP96A83; source contains names/annotations only,,plants-Citrus.sinensis.P450s.xlsx,439b04b177dc4042ad5b25b22d7df0b4103208120eb011cb31644c1d756e7d16,Citrus sinensis other clans,42,sequence-missing
plants,Citrus sinensis,CYP97A40,dhCsi-CYP97A3-orange1.1t01058.2,citrus-sinensis:Citrus sinensis other clans:0043,https://drnelson.uthsc.edu/Citrus.sinensis.P450s.xlsx,Workbook sheet Citrus sinensis other clans row 43; gene ID=dhCsi-CYP97A3-orange1.1t01058.2; assigned CYP name=CYP97A40; source contains names/annotations only,,plants-Citrus.sinensis.P450s.xlsx,439b04b177dc4042ad5b25b22d7df0b4103208120eb011cb31644c1d756e7d16,Citrus sinensis other clans,43,sequence-missing
plants,Citrus sinensis,CYP97B33,dhCsi-CYP97B3-Cs6g11420.1,citrus-sinensis:Citrus sinensis other clans:0044,https://drnelson.uthsc.edu/Citrus.sinensis.P450s.xlsx,Workbook sheet Citrus sinensis other clans row 44; gene ID=dhCsi-CYP97B3-Cs6g11420.1; assigned CYP name=CYP97B33; source contains names/annotations only,,plants-Citrus.sinensis.P450s.xlsx,439b04b177dc4042ad5b25b22d7df0b4103208120eb011cb31644c1d756e7d16,Citrus sinensis other clans,44,sequence-missing
plants,Citrus sinensis,CYP97C27,dhCsi-CYP97C1-orange1.1t01082.1,citrus-sinensis:Citrus sinensis other clans:0045,https://drnelson.uthsc.edu/Citrus.sinensis.P450s.xlsx,Workbook sheet Citrus sinensis other clans row 45; gene ID=dhCsi-CYP97C1-orange1.1t01082.1; assigned CYP name=CYP97C27; source contains names/annotations only,,plants-Citrus.sinensis.P450s.xlsx,439b04b177dc4042ad5b25b22d7df0b4103208120eb011cb31644c1d756e7d16,Citrus sinensis other clans,45,sequence-missing
plants,Citrus sinensis,CYP704A93,dhCsi-CYP704A1-orange1.1t00260.1,citrus-sinensis:Citrus sinensis other clans:0046,https://drnelson.uthsc.edu/Citrus.sinensis.P450s.xlsx,Workbook sheet Citrus sinensis other clans row 46; gene ID=dhCsi-CYP704A1-orange1.1t00260.1; assigned CYP name=CYP704A93; source contains names/annotations only,,plants-Citrus.sinensis.P450s.xlsx,439b04b177dc4042ad5b25b22d7df0b4103208120eb011cb31644c1d756e7d16,Citrus sinensis other clans,46,sequence-missing
plants,Citrus sinensis,CYP704A94,dhCsi-CYP704A2-Cs2g13630.1,citrus-sinensis:Citrus sinensis other clans:0047,https://drnelson.uthsc.edu/Citrus.sinensis.P450s.xlsx,Workbook sheet Citrus sinensis other clans row 47; gene ID=dhCsi-CYP704A2-Cs2g13630.1; assigned CYP name=CYP704A94; source contains names/annotations only,,plants-Citrus.sinensis.P450s.xlsx,439b04b177dc4042ad5b25b22d7df0b4103208120eb011cb31644c1d756e7d16,Citrus sinensis other clans,47,sequence-missing
plants,Citrus sinensis,CYP704A95,dhCsi-CYP704A5-orange1.1t00016.1,citrus-sinensis:Citrus sinensis other clans:0048,https://drnelson.uthsc.edu/Citrus.sinensis.P450s.xlsx,Workbook sheet Citrus sinensis other clans row 48; gene ID=dhCsi-CYP704A5-orange1.1t00016.1; assigned CYP name=CYP704A95; source contains names/annotations only,,plants-Citrus.sinensis.P450s.xlsx,439b04b177dc4042ad5b25b22d7df0b4103208120eb011cb31644c1d756e7d16,Citrus sinensis other clans,48,sequence-missing
plants,Citrus sinensis,CYP704A96,dhCsi-CYP704A3-orange1.1t00261.1,citrus-sinensis:Citrus sinensis other clans:0049,https://drnelson.uthsc.edu/Citrus.sinensis.P450s.xlsx,Workbook sheet Citrus sinensis other clans row 49; gene ID=dhCsi-CYP704A3-orange1.1t00261.1; assigned CYP name=CYP704A96; source contains names/annotations only,,plants-Citrus.sinensis.P450s.xlsx,439b04b177dc4042ad5b25b22d7df0b4103208120eb011cb31644c1d756e7d16,Citrus sinensis other clans,49,sequence-missing
plants,Citrus sinensis,CYP704A97,dhCsi-CYP704A6-Cs9g16220.1,citrus-sinensis:Citrus sinensis other clans:0050,https://drnelson.uthsc.edu/Citrus.sinensis.P450s.xlsx,Workbook sheet Citrus sinensis other clans row 50; gene ID=dhCsi-CYP704A6-Cs9g16220.1; assigned CYP name=CYP704A97; source contains names/annotations only,,plants-Citrus.sinensis.P450s.xlsx,439b04b177dc4042ad5b25b22d7df0b4103208120eb011cb31644c1d756e7d16,Citrus sinensis other clans,50,sequence-missing
plants,Citrus sinensis,CYP704B26,dhCsi-CYP704B1-Cs4g17970.1,citrus-sinensis:Citrus sinensis other clans:0051,https://drnelson.uthsc.edu/Citrus.sinensis.P450s.xlsx,Workbook sheet Citrus sinensis other clans row 51; gene ID=dhCsi-CYP704B1-Cs4g17970.1; assigned CYP name=CYP704B26; source contains names/annotations only,,plants-Citrus.sinensis.P450s.xlsx,439b04b177dc4042ad5b25b22d7df0b4103208120eb011cb31644c1d756e7d16,Citrus sinensis other clans,51,sequence-missing
plants,Citrus sinensis,CYP707A29,dhCsi-CYP707A5-Cs3g23530.1,citrus-sinensis:Citrus sinensis other clans:0052,https://drnelson.uthsc.edu/Citrus.sinensis.P450s.xlsx,Workbook sheet Citrus sinensis other clans row 52; gene ID=dhCsi-CYP707A5-Cs3g23530.1; assigned CYP name=CYP707A29; source contains names/annotations only,,plants-Citrus.sinensis.P450s.xlsx,439b04b177dc4042ad5b25b22d7df0b4103208120eb011cb31644c1d756e7d16,Citrus sinensis other clans,52,sequence-missing
plants,Citrus sinensis,CYP707A29,dhCsi-CYP707A5-Cs3g23530.1,citrus-sinensis:Citrus sinensis other clans:0053,https://drnelson.uthsc.edu/Citrus.sinensis.P450s.xlsx,Workbook sheet Citrus sinensis other clans row 53; gene ID=dhCsi-CYP707A5-Cs3g23530.1; assigned CYP name=CYP707A29; source contains names/annotations only,,plants-Citrus.sinensis.P450s.xlsx,439b04b177dc4042ad5b25b22d7df0b4103208120eb011cb31644c1d756e7d16,Citrus sinensis other clans,53,sequence-missing
plants,Citrus sinensis,CYP707A96,dhCsi-CYP707A2-Cs8g18780.1,citrus-sinensis:Citrus sinensis other clans:0054,https://drnelson.uthsc.edu/Citrus.sinensis.P450s.xlsx,Workbook sheet Citrus sinensis other clans row 54; gene ID=dhCsi-CYP707A2-Cs8g18780.1; assigned CYP name=CYP707A96; source contains names/annotations only,,plants-Citrus.sinensis.P450s.xlsx,439b04b177dc4042ad5b25b22d7df0b4103208120eb011cb31644c1d756e7d16,Citrus sinensis other clans,54,sequence-missing
plants,Citrus sinensis,CYP707A97,dhCsi-CYP707A4-Cs8g05940.1,citrus-sinensis:Citrus sinensis other clans:0055,https://drnelson.uthsc.edu/Citrus.sinensis.P450s.xlsx,Workbook sheet Citrus sinensis other clans row 55; gene ID=dhCsi-CYP707A4-Cs8g05940.1; assigned CYP name=CYP707A97; source contains names/annotations only,,plants-Citrus.sinensis.P450s.xlsx,439b04b177dc4042ad5b25b22d7df0b4103208120eb011cb31644c1d756e7d16,Citrus sinensis other clans,55,sequence-missing
plants,Citrus sinensis,CYP707A98,dhCsi-CYP707A1-Cs6g19380.2,citrus-sinensis:Citrus sinensis other clans:0056,https://drnelson.uthsc.edu/Citrus.sinensis.P450s.xlsx,Workbook sheet Citrus sinensis other clans row 56; gene ID=dhCsi-CYP707A1-Cs6g19380.2; assigned CYP name=CYP707A98; source contains names/annotations only,,plants-Citrus.sinensis.P450s.xlsx,439b04b177dc4042ad5b25b22d7df0b4103208120eb011cb31644c1d756e7d16,Citrus sinensis other clans,56,sequence-missing
plants,Citrus sinensis,CYP710A17,dhCsi-CYP710A1-Cs2g03520.1,citrus-sinensis:Citrus sinensis other clans:0057,https://drnelson.uthsc.edu/Citrus.sinensis.P450s.xlsx,Workbook sheet Citrus sinensis other clans row 57; gene ID=dhCsi-CYP710A1-Cs2g03520.1; assigned CYP name=CYP710A17; source contains names/annotations only,,plants-Citrus.sinensis.P450s.xlsx,439b04b177dc4042ad5b25b22d7df0b4103208120eb011cb31644c1d756e7d16,Citrus sinensis other clans,57,sequence-missing
plants,Citrus sinensis,CYP711A42,dhCsi-CYP711A1-Cs4g18300.1,citrus-sinensis:Citrus sinensis other clans:0058,https://drnelson.uthsc.edu/Citrus.sinensis.P450s.xlsx,Workbook sheet Citrus sinensis other clans row 58; gene ID=dhCsi-CYP711A1-Cs4g18300.1; assigned CYP name=CYP711A42; source contains names/annotations only,,plants-Citrus.sinensis.P450s.xlsx,439b04b177dc4042ad5b25b22d7df0b4103208120eb011cb31644c1d756e7d16,Citrus sinensis other clans,58,sequence-missing
plants,Citrus sinensis,CYP711A43,dhCsi-CYP711A2-Cs1g24890.1,citrus-sinensis:Citrus sinensis other clans:0059,https://drnelson.uthsc.edu/Citrus.sinensis.P450s.xlsx,Workbook sheet Citrus sinensis other clans row 59; gene ID=dhCsi-CYP711A2-Cs1g24890.1; assigned CYP name=CYP711A43; source contains names/annotations only,,plants-Citrus.sinensis.P450s.xlsx,439b04b177dc4042ad5b25b22d7df0b4103208120eb011cb31644c1d756e7d16,Citrus sinensis other clans,59,sequence-missing
plants,Citrus sinensis,CYP714A24,dhCsi-CYP714A1-Cs7g29270.1,citrus-sinensis:Citrus sinensis other clans:0060,https://drnelson.uthsc.edu/Citrus.sinensis.P450s.xlsx,Workbook sheet Citrus sinensis other clans row 60; gene ID=dhCsi-CYP714A1-Cs7g29270.1; assigned CYP name=CYP714A24; source contains names/annotations only,,plants-Citrus.sinensis.P450s.xlsx,439b04b177dc4042ad5b25b22d7df0b4103208120eb011cb31644c1d756e7d16,Citrus sinensis other clans,60,sequence-missing
plants,Citrus sinensis,CYP714E20,dhCsi-CYP714A3-Cs1g02990.1,citrus-sinensis:Citrus sinensis other clans:0061,https://drnelson.uthsc.edu/Citrus.sinensis.P450s.xlsx,Workbook sheet Citrus sinensis other clans row 61; gene ID=dhCsi-CYP714A3-Cs1g02990.1; assigned CYP name=CYP714E20; source contains names/annotations only,,plants-Citrus.sinensis.P450s.xlsx,439b04b177dc4042ad5b25b22d7df0b4103208120eb011cb31644c1d756e7d16,Citrus sinensis other clans,61,sequence-missing
plants,Citrus sinensis,CYP714M4,dhCsi-CYP714A4-Cs6g10500.1,citrus-sinensis:Citrus sinensis other clans:0062,https://drnelson.uthsc.edu/Citrus.sinensis.P450s.xlsx,Workbook sheet Citrus sinensis other clans row 62; gene ID=dhCsi-CYP714A4-Cs6g10500.1; assigned CYP name=CYP714M4; source contains names/annotations only,,plants-Citrus.sinensis.P450s.xlsx,439b04b177dc4042ad5b25b22d7df0b4103208120eb011cb31644c1d756e7d16,Citrus sinensis other clans,62,sequence-missing
plants,Citrus sinensis,CYP715A25,dhCsi-CYP715A1-Cs9g17460.1,citrus-sinensis:Citrus sinensis other clans:0063,https://drnelson.uthsc.edu/Citrus.sinensis.P450s.xlsx,Workbook sheet Citrus sinensis other clans row 63; gene ID=dhCsi-CYP715A1-Cs9g17460.1; assigned CYP name=CYP715A25; source contains names/annotations only,,plants-Citrus.sinensis.P450s.xlsx,439b04b177dc4042ad5b25b22d7df0b4103208120eb011cb31644c1d756e7d16,Citrus sinensis other clans,63,sequence-missing
plants,Citrus sinensis,CYP716A87,dhCsi-CYP716A2-Cs8g20910.1,citrus-sinensis:Citrus sinensis other clans:0064,https://drnelson.uthsc.edu/Citrus.sinensis.P450s.xlsx,Workbook sheet Citrus sinensis other clans row 64; gene ID=dhCsi-CYP716A2-Cs8g20910.1; assigned CYP name=CYP716A87; source contains names/annotations only,,plants-Citrus.sinensis.P450s.xlsx,439b04b177dc4042ad5b25b22d7df0b4103208120eb011cb31644c1d756e7d16,Citrus sinensis other clans,64,sequence-missing
plants,Citrus sinensis,CYP716A88,dhCsi-CYP716A6-Cs4g04790.1,citrus-sinensis:Citrus sinensis other clans:0065,https://drnelson.uthsc.edu/Citrus.sinensis.P450s.xlsx,Workbook sheet Citrus sinensis other clans row 65; gene ID=dhCsi-CYP716A6-Cs4g04790.1; assigned CYP name=CYP716A88; source contains names/annotations only,,plants-Citrus.sinensis.P450s.xlsx,439b04b177dc4042ad5b25b22d7df0b4103208120eb011cb31644c1d756e7d16,Citrus sinensis other clans,65,sequence-missing
plants,Citrus sinensis,CYP716AC1,dhCsi-CYP716A1-Cs1g09250.1,citrus-sinensis:Citrus sinensis other clans:0066,https://drnelson.uthsc.edu/Citrus.sinensis.P450s.xlsx,Workbook sheet Citrus sinensis other clans row 66; gene ID=dhCsi-CYP716A1-Cs1g09250.1; assigned CYP name=CYP716AC1; source contains names/annotations only,,plants-Citrus.sinensis.P450s.xlsx,439b04b177dc4042ad5b25b22d7df0b4103208120eb011cb31644c1d756e7d16,Citrus sinensis other clans,66,sequence-missing
plants,Citrus sinensis,CYP716AD1,dhCsi-CYP716A4-orange1.1t03688.1,citrus-sinensis:Citrus sinensis other clans:0067,https://drnelson.uthsc.edu/Citrus.sinensis.P450s.xlsx,Workbook sheet Citrus sinensis other clans row 67; gene ID=dhCsi-CYP716A4-orange1.1t03688.1; assigned CYP name=CYP716AD1; source contains names/annotations only,,plants-Citrus.sinensis.P450s.xlsx,439b04b177dc4042ad5b25b22d7df0b4103208120eb011cb31644c1d756e7d16,Citrus sinensis other clans,67,sequence-missing
plants,Citrus sinensis,CYP716AD2,dhCsi-CYP716A5-orange1.1t03687.1,citrus-sinensis:Citrus sinensis other clans:0068,https://drnelson.uthsc.edu/Citrus.sinensis.P450s.xlsx,Workbook sheet Citrus sinensis other clans row 68; gene ID=dhCsi-CYP716A5-orange1.1t03687.1; assigned CYP name=CYP716AD2; source contains names/annotations only,,plants-Citrus.sinensis.P450s.xlsx,439b04b177dc4042ad5b25b22d7df0b4103208120eb011cb31644c1d756e7d16,Citrus sinensis other clans,68,sequence-missing
plants,Citrus sinensis,CYP716D24,dhCsi-CYP716A3-Cs9g03240.1,citrus-sinensis:Citrus sinensis other clans:0069,https://drnelson.uthsc.edu/Citrus.sinensis.P450s.xlsx,Workbook sheet Citrus sinensis other clans row 69; gene ID=dhCsi-CYP716A3-Cs9g03240.1; assigned CYP name=CYP716D24; source contains names/annotations only,,plants-Citrus.sinensis.P450s.xlsx,439b04b177dc4042ad5b25b22d7df0b4103208120eb011cb31644c1d756e7d16,Citrus sinensis other clans,69,sequence-missing
plants,Citrus sinensis,CYP718A13,dhCsi-CYP718-Cs7g17020.1,citrus-sinensis:Citrus sinensis other clans:0070,https://drnelson.uthsc.edu/Citrus.sinensis.P450s.xlsx,Workbook sheet Citrus sinensis other clans row 70; gene ID=dhCsi-CYP718-Cs7g17020.1; assigned CYP name=CYP718A13; source contains names/annotations only,,plants-Citrus.sinensis.P450s.xlsx,439b04b177dc4042ad5b25b22d7df0b4103208120eb011cb31644c1d756e7d16,Citrus sinensis other clans,70,sequence-missing
plants,Citrus sinensis,CYP720A1,dhCsi-CYP720A1-Cs5g17090.1,citrus-sinensis:Citrus sinensis other clans:0071,https://drnelson.uthsc.edu/Citrus.sinensis.P450s.xlsx,Workbook sheet Citrus sinensis other clans row 71; gene ID=dhCsi-CYP720A1-Cs5g17090.1; assigned CYP name=CYP720A1; source contains names/annotations only,,plants-Citrus.sinensis.P450s.xlsx,439b04b177dc4042ad5b25b22d7df0b4103208120eb011cb31644c1d756e7d16,Citrus sinensis other clans,71,sequence-missing
plants,Citrus sinensis,CYP721A35,dhCsi-CYP721A1-Cs3g24560.1,citrus-sinensis:Citrus sinensis other clans:0072,https://drnelson.uthsc.edu/Citrus.sinensis.P450s.xlsx,Workbook sheet Citrus sinensis other clans row 72; gene ID=dhCsi-CYP721A1-Cs3g24560.1; assigned CYP name=CYP721A35; source contains names/annotations only,,plants-Citrus.sinensis.P450s.xlsx,439b04b177dc4042ad5b25b22d7df0b4103208120eb011cb31644c1d756e7d16,Citrus sinensis other clans,72,sequence-missing
plants,Citrus sinensis,CYP721A36,dhCsi-CYP721A2-Cs3g24570.1,citrus-sinensis:Citrus sinensis other clans:0073,https://drnelson.uthsc.edu/Citrus.sinensis.P450s.xlsx,Workbook sheet Citrus sinensis other clans row 73; gene ID=dhCsi-CYP721A2-Cs3g24570.1; assigned CYP name=CYP721A36; source contains names/annotations only,,plants-Citrus.sinensis.P450s.xlsx,439b04b177dc4042ad5b25b22d7df0b4103208120eb011cb31644c1d756e7d16,Citrus sinensis other clans,73,sequence-missing
plants,Citrus sinensis,CYP721A37,dhCsi-CYP721A3-orange1.1t02873.1,citrus-sinensis:Citrus sinensis other clans:0074,https://drnelson.uthsc.edu/Citrus.sinensis.P450s.xlsx,Workbook sheet Citrus sinensis other clans row 74; gene ID=dhCsi-CYP721A3-orange1.1t02873.1; assigned CYP name=CYP721A37; source contains names/annotations only,,plants-Citrus.sinensis.P450s.xlsx,439b04b177dc4042ad5b25b22d7df0b4103208120eb011cb31644c1d756e7d16,Citrus sinensis other clans,74,sequence-missing
plants,Citrus sinensis,CYP722A7,dhCsi-CYP722A1-Cs1g25490.1,citrus-sinensis:Citrus sinensis other clans:0075,https://drnelson.uthsc.edu/Citrus.sinensis.P450s.xlsx,Workbook sheet Citrus sinensis other clans row 75; gene ID=dhCsi-CYP722A1-Cs1g25490.1; assigned CYP name=CYP722A7; source contains names/annotations only,,plants-Citrus.sinensis.P450s.xlsx,439b04b177dc4042ad5b25b22d7df0b4103208120eb011cb31644c1d756e7d16,Citrus sinensis other clans,75,sequence-missing
plants,Citrus sinensis,CYP722C5,dhCsi-CYP722A2-Cs1g24480.1,citrus-sinensis:Citrus sinensis other clans:0076,https://drnelson.uthsc.edu/Citrus.sinensis.P450s.xlsx,Workbook sheet Citrus sinensis other clans row 76; gene ID=dhCsi-CYP722A2-Cs1g24480.1; assigned CYP name=CYP722C5; source contains names/annotations only,,plants-Citrus.sinensis.P450s.xlsx,439b04b177dc4042ad5b25b22d7df0b4103208120eb011cb31644c1d756e7d16,Citrus sinensis other clans,76,sequence-missing
plants,Citrus sinensis,CYP724A1,dhCsi-CYP724A1-Cs2g26960.1,citrus-sinensis:Citrus sinensis other clans:0077,https://drnelson.uthsc.edu/Citrus.sinensis.P450s.xlsx,Workbook sheet Citrus sinensis other clans row 77; gene ID=dhCsi-CYP724A1-Cs2g26960.1; assigned CYP name=CYP724A1; source contains names/annotations only,,plants-Citrus.sinensis.P450s.xlsx,439b04b177dc4042ad5b25b22d7df0b4103208120eb011cb31644c1d756e7d16,Citrus sinensis other clans,77,sequence-missing
plants,Citrus sinensis,CYP724B23,dhCsi-CYP724A2-Cs2g18810.1,citrus-sinensis:Citrus sinensis other clans:0078,https://drnelson.uthsc.edu/Citrus.sinensis.P450s.xlsx,Workbook sheet Citrus sinensis other clans row 78; gene ID=dhCsi-CYP724A2-Cs2g18810.1; assigned CYP name=CYP724B23; source contains names/annotations only,,plants-Citrus.sinensis.P450s.xlsx,439b04b177dc4042ad5b25b22d7df0b4103208120eb011cb31644c1d756e7d16,Citrus sinensis other clans,78,sequence-missing
plants,Citrus sinensis,CYP727B3,dhCsi-CYP715A2-Cs3g07120.3,citrus-sinensis:Citrus sinensis other clans:0079,https://drnelson.uthsc.edu/Citrus.sinensis.P450s.xlsx,Workbook sheet Citrus sinensis other clans row 79; gene ID=dhCsi-CYP715A2-Cs3g07120.3; assigned CYP name=CYP727B3; source contains names/annotations only,,plants-Citrus.sinensis.P450s.xlsx,439b04b177dc4042ad5b25b22d7df0b4103208120eb011cb31644c1d756e7d16,Citrus sinensis other clans,79,sequence-missing
plants,Citrus sinensis,CYP728B27,dhCsi-CYP716B3-Cs4g10730.1,citrus-sinensis:Citrus sinensis other clans:0080,https://drnelson.uthsc.edu/Citrus.sinensis.P450s.xlsx,Workbook sheet Citrus sinensis other clans row 80; gene ID=dhCsi-CYP716B3-Cs4g10730.1; assigned CYP name=CYP728B27; source contains names/annotations only,,plants-Citrus.sinensis.P450s.xlsx,439b04b177dc4042ad5b25b22d7df0b4103208120eb011cb31644c1d756e7d16,Citrus sinensis other clans,80,sequence-missing
plants,Citrus sinensis,CYP728D14,dhCsi-CYP716B1-Cs2g07870.1,citrus-sinensis:Citrus sinensis other clans:0081,https://drnelson.uthsc.edu/Citrus.sinensis.P450s.xlsx,Workbook sheet Citrus sinensis other clans row 81; gene ID=dhCsi-CYP716B1-Cs2g07870.1; assigned CYP name=CYP728D14; source contains names/annotations only,,plants-Citrus.sinensis.P450s.xlsx,439b04b177dc4042ad5b25b22d7df0b4103208120eb011cb31644c1d756e7d16,Citrus sinensis other clans,81,sequence-missing
plants,Citrus sinensis,CYP728D15,dhCsi-CYP716B2-Cs2g07880.1,citrus-sinensis:Citrus sinensis other clans:0082,https://drnelson.uthsc.edu/Citrus.sinensis.P450s.xlsx,Workbook sheet Citrus sinensis other clans row 82; gene ID=dhCsi-CYP716B2-Cs2g07880.1; assigned CYP name=CYP728D15; source contains names/annotations only,,plants-Citrus.sinensis.P450s.xlsx,439b04b177dc4042ad5b25b22d7df0b4103208120eb011cb31644c1d756e7d16,Citrus sinensis other clans,82,sequence-missing
plants,Citrus sinensis,CYP728D16,dhCsi-CYP716B3-Cs4g10730.1,citrus-sinensis:Citrus sinensis other clans:0083,https://drnelson.uthsc.edu/Citrus.sinensis.P450s.xlsx,Workbook sheet Citrus sinensis other clans row 83; gene ID=dhCsi-CYP716B3-Cs4g10730.1; assigned CYP name=CYP728D16; source contains names/annotations only,,plants-Citrus.sinensis.P450s.xlsx,439b04b177dc4042ad5b25b22d7df0b4103208120eb011cb31644c1d756e7d16,Citrus sinensis other clans,83,sequence-missing
plants,Citrus sinensis,CYP733A1,dhCsi-CYP722B1-Cs3g21210.1,citrus-sinensis:Citrus sinensis other clans:0084,https://drnelson.uthsc.edu/Citrus.sinensis.P450s.xlsx,Workbook sheet Citrus sinensis other clans row 84; gene ID=dhCsi-CYP722B1-Cs3g21210.1; assigned CYP name=CYP733A1; source contains names/annotations only,,plants-Citrus.sinensis.P450s.xlsx,439b04b177dc4042ad5b25b22d7df0b4103208120eb011cb31644c1d756e7d16,Citrus sinensis other clans,84,sequence-missing
plants,Citrus sinensis,CYP734A32,dhCsi-CYP734A1-Cs4g17370.1,citrus-sinensis:Citrus sinensis other clans:0085,https://drnelson.uthsc.edu/Citrus.sinensis.P450s.xlsx,Workbook sheet Citrus sinensis other clans row 85; gene ID=dhCsi-CYP734A1-Cs4g17370.1; assigned CYP name=CYP734A32; source contains names/annotations only,,plants-Citrus.sinensis.P450s.xlsx,439b04b177dc4042ad5b25b22d7df0b4103208120eb011cb31644c1d756e7d16,Citrus sinensis other clans,85,sequence-missing
plants,Citrus sinensis,CYP735A26,dhCsi-CYP735A1-Cs6g18720.1,citrus-sinensis:Citrus sinensis other clans:0086,https://drnelson.uthsc.edu/Citrus.sinensis.P450s.xlsx,Workbook sheet Citrus sinensis other clans row 86; gene ID=dhCsi-CYP735A1-Cs6g18720.1; assigned CYP name=CYP735A26; source contains names/annotations only,,plants-Citrus.sinensis.P450s.xlsx,439b04b177dc4042ad5b25b22d7df0b4103208120eb011cb31644c1d756e7d16,Citrus sinensis other clans,86,sequence-missing
plants,Citrus sinensis,CYP749A34,dhCsi-CYP734A2-Cs7g11890.1,citrus-sinensis:Citrus sinensis other clans:0087,https://drnelson.uthsc.edu/Citrus.sinensis.P450s.xlsx,Workbook sheet Citrus sinensis other clans row 87; gene ID=dhCsi-CYP734A2-Cs7g11890.1; assigned CYP name=CYP749A34; source contains names/annotations only,,plants-Citrus.sinensis.P450s.xlsx,439b04b177dc4042ad5b25b22d7df0b4103208120eb011cb31644c1d756e7d16,Citrus sinensis other clans,87,sequence-missing
plants,Citrus sinensis,CYP749A35,dhCsi-CYP734B2-Cs7g11860.1,citrus-sinensis:Citrus sinensis other clans:0088,https://drnelson.uthsc.edu/Citrus.sinensis.P450s.xlsx,Workbook sheet Citrus sinensis other clans row 88; gene ID=dhCsi-CYP734B2-Cs7g11860.1; assigned CYP name=CYP749A35; source contains names/annotations only,,plants-Citrus.sinensis.P450s.xlsx,439b04b177dc4042ad5b25b22d7df0b4103208120eb011cb31644c1d756e7d16,Citrus sinensis other clans,88,sequence-missing
