category,species,symbol,id,record_key,source_url,source_note,sequence,source_file,source_sha256,source_sheet,source_row,review_status
plants,Citrus clementina,CYP51G1,Ccl-CYP51G1-Ciclev10004850m,citrus-clementina:Citrus clementina other clans:0002,https://drnelson.uthsc.edu/Citrus.clementina.P450s.xlsx,Workbook sheet Citrus clementina other clans row 2; gene ID=Ccl-CYP51G1-Ciclev10004850m; assigned CYP name=CYP51G1; source contains names/annotations only,,plants-Citrus.clementina.P450s.xlsx,3b8d94ae02ea9733e8db640058af2b6522610becfb9933da66046fa690a091e3,Citrus clementina other clans,2,sequence-missing
plants,Citrus clementina,CYP72A317,Ccl-CYP72A10-Ciclev10023520m,citrus-clementina:Citrus clementina other clans:0003,https://drnelson.uthsc.edu/Citrus.clementina.P450s.xlsx,Workbook sheet Citrus clementina other clans row 3; gene ID=Ccl-CYP72A10-Ciclev10023520m; assigned CYP name=CYP72A317; source contains names/annotations only,,plants-Citrus.clementina.P450s.xlsx,3b8d94ae02ea9733e8db640058af2b6522610becfb9933da66046fa690a091e3,Citrus clementina other clans,3,sequence-missing
plants,Citrus clementina,CYP72A318,Ccl-CYP72A15-Ciclev10024206m,citrus-clementina:Citrus clementina other clans:0004,https://drnelson.uthsc.edu/Citrus.clementina.P450s.xlsx,Workbook sheet Citrus clementina other clans row 4; gene ID=Ccl-CYP72A15-Ciclev10024206m; assigned CYP name=CYP72A318; source contains names/annotations only,,plants-Citrus.clementina.P450s.xlsx,3b8d94ae02ea9733e8db640058af2b6522610becfb9933da66046fa690a091e3,Citrus clementina other clans,4,sequence-missing
plants,Citrus clementina,CYP72A319,Ccl-CYP72A13-Ciclev10023602m,citrus-clementina:Citrus clementina other clans:0005,https://drnelson.uthsc.edu/Citrus.clementina.P450s.xlsx,Workbook sheet Citrus clementina other clans row 5; gene ID=Ccl-CYP72A13-Ciclev10023602m; assigned CYP name=CYP72A319; source contains names/annotations only,,plants-Citrus.clementina.P450s.xlsx,3b8d94ae02ea9733e8db640058af2b6522610becfb9933da66046fa690a091e3,Citrus clementina other clans,5,sequence-missing
plants,Citrus clementina,CYP72A320,Ccl-CYP72A9-Ciclev10019876m,citrus-clementina:Citrus clementina other clans:0006,https://drnelson.uthsc.edu/Citrus.clementina.P450s.xlsx,Workbook sheet Citrus clementina other clans row 6; gene ID=Ccl-CYP72A9-Ciclev10019876m; assigned CYP name=CYP72A320; source contains names/annotations only,,plants-Citrus.clementina.P450s.xlsx,3b8d94ae02ea9733e8db640058af2b6522610becfb9933da66046fa690a091e3,Citrus clementina other clans,6,sequence-missing
plants,Citrus clementina,CYP72A317,Ccl-CYP72A11-Ciclev10019731m,citrus-clementina:Citrus clementina other clans:0007,https://drnelson.uthsc.edu/Citrus.clementina.P450s.xlsx,Workbook sheet Citrus clementina other clans row 7; gene ID=Ccl-CYP72A11-Ciclev10019731m; assigned CYP name=CYP72A317; source contains names/annotations only,,plants-Citrus.clementina.P450s.xlsx,3b8d94ae02ea9733e8db640058af2b6522610becfb9933da66046fa690a091e3,Citrus clementina other clans,7,sequence-missing
plants,Citrus clementina,CYP72A320,Ccl-CYP72A14-Ciclev10019932m,citrus-clementina:Citrus clementina other clans:0008,https://drnelson.uthsc.edu/Citrus.clementina.P450s.xlsx,Workbook sheet Citrus clementina other clans row 8; gene ID=Ccl-CYP72A14-Ciclev10019932m; assigned CYP name=CYP72A320; source contains names/annotations only,,plants-Citrus.clementina.P450s.xlsx,3b8d94ae02ea9733e8db640058af2b6522610becfb9933da66046fa690a091e3,Citrus clementina other clans,8,sequence-missing
plants,Citrus clementina,CYP72A317,Ccl-CYP72A8-Ciclev10024130m,citrus-clementina:Citrus clementina other clans:0009,https://drnelson.uthsc.edu/Citrus.clementina.P450s.xlsx,Workbook sheet Citrus clementina other clans row 9; gene ID=Ccl-CYP72A8-Ciclev10024130m; assigned CYP name=CYP72A317; source contains names/annotations only,,plants-Citrus.clementina.P450s.xlsx,3b8d94ae02ea9733e8db640058af2b6522610becfb9933da66046fa690a091e3,Citrus clementina other clans,9,sequence-missing
plants,Citrus clementina,CYP72A46P1,Ccl-CYP714A2-Ciclev10024198m,citrus-clementina:Citrus clementina other clans:0010,https://drnelson.uthsc.edu/Citrus.clementina.P450s.xlsx,Workbook sheet Citrus clementina other clans row 10; gene ID=Ccl-CYP714A2-Ciclev10024198m; assigned CYP name=CYP72A46P1; source contains names/annotations only,,plants-Citrus.clementina.P450s.xlsx,3b8d94ae02ea9733e8db640058af2b6522610becfb9933da66046fa690a091e3,Citrus clementina other clans,10,sequence-missing
plants,Citrus clementina,CYP72D12,Ccl-CYP72A7-Ciclev10008035m,citrus-clementina:Citrus clementina other clans:0011,https://drnelson.uthsc.edu/Citrus.clementina.P450s.xlsx,Workbook sheet Citrus clementina other clans row 11; gene ID=Ccl-CYP72A7-Ciclev10008035m; assigned CYP name=CYP72D12; source contains names/annotations only,,plants-Citrus.clementina.P450s.xlsx,3b8d94ae02ea9733e8db640058af2b6522610becfb9933da66046fa690a091e3,Citrus clementina other clans,11,sequence-missing
plants,Citrus clementina,CYP72D10,Ccl-CYP72C1-Ciclev10003399m,citrus-clementina:Citrus clementina other clans:0012,https://drnelson.uthsc.edu/Citrus.clementina.P450s.xlsx,Workbook sheet Citrus clementina other clans row 12; gene ID=Ccl-CYP72C1-Ciclev10003399m; assigned CYP name=CYP72D10; source contains names/annotations only,,plants-Citrus.clementina.P450s.xlsx,3b8d94ae02ea9733e8db640058af2b6522610becfb9933da66046fa690a091e3,Citrus clementina other clans,12,sequence-missing
plants,Citrus clementina,CYP74A1,Ccl-CYP74A-Ciclev10000825m,citrus-clementina:Citrus clementina other clans:0013,https://drnelson.uthsc.edu/Citrus.clementina.P450s.xlsx,Workbook sheet Citrus clementina other clans row 13; gene ID=Ccl-CYP74A-Ciclev10000825m; assigned CYP name=CYP74A1; source contains names/annotations only,,plants-Citrus.clementina.P450s.xlsx,3b8d94ae02ea9733e8db640058af2b6522610becfb9933da66046fa690a091e3,Citrus clementina other clans,13,sequence-missing
plants,Citrus clementina,CYP74A34,Ccl-CYP74A1-Ciclev10028333m,citrus-clementina:Citrus clementina other clans:0014,https://drnelson.uthsc.edu/Citrus.clementina.P450s.xlsx,Workbook sheet Citrus clementina other clans row 14; gene ID=Ccl-CYP74A1-Ciclev10028333m; assigned CYP name=CYP74A34; source contains names/annotations only,,plants-Citrus.clementina.P450s.xlsx,3b8d94ae02ea9733e8db640058af2b6522610becfb9933da66046fa690a091e3,Citrus clementina other clans,14,sequence-missing
plants,Citrus clementina,CYP74B10,Ccl-CYP74B2-Ciclev10014991m,citrus-clementina:Citrus clementina other clans:0015,https://drnelson.uthsc.edu/Citrus.clementina.P450s.xlsx,Workbook sheet Citrus clementina other clans row 15; gene ID=Ccl-CYP74B2-Ciclev10014991m; assigned CYP name=CYP74B10; source contains names/annotations only,,plants-Citrus.clementina.P450s.xlsx,3b8d94ae02ea9733e8db640058af2b6522610becfb9933da66046fa690a091e3,Citrus clementina other clans,15,sequence-missing
plants,Citrus clementina,CYP85A1,Ccl-CYP85A1-Ciclev10011662m,citrus-clementina:Citrus clementina other clans:0016,https://drnelson.uthsc.edu/Citrus.clementina.P450s.xlsx,Workbook sheet Citrus clementina other clans row 16; gene ID=Ccl-CYP85A1-Ciclev10011662m; assigned CYP name=CYP85A1; source contains names/annotations only,,plants-Citrus.clementina.P450s.xlsx,3b8d94ae02ea9733e8db640058af2b6522610becfb9933da66046fa690a091e3,Citrus clementina other clans,16,sequence-missing
plants,Citrus clementina,CYP85A31,Ccl-CYP85A2-Ciclev10031449m,citrus-clementina:Citrus clementina other clans:0017,https://drnelson.uthsc.edu/Citrus.clementina.P450s.xlsx,Workbook sheet Citrus clementina other clans row 17; gene ID=Ccl-CYP85A2-Ciclev10031449m; assigned CYP name=CYP85A31; source contains names/annotations only,,plants-Citrus.clementina.P450s.xlsx,3b8d94ae02ea9733e8db640058af2b6522610becfb9933da66046fa690a091e3,Citrus clementina other clans,17,sequence-missing
plants,Citrus clementina,CYP86A88,Ccl-CYP86A1-Ciclev10030097m,citrus-clementina:Citrus clementina other clans:0018,https://drnelson.uthsc.edu/Citrus.clementina.P450s.xlsx,Workbook sheet Citrus clementina other clans row 18; gene ID=Ccl-CYP86A1-Ciclev10030097m; assigned CYP name=CYP86A88; source contains names/annotations only,,plants-Citrus.clementina.P450s.xlsx,3b8d94ae02ea9733e8db640058af2b6522610becfb9933da66046fa690a091e3,Citrus clementina other clans,18,sequence-missing
plants,Citrus clementina,CYP86A89,Ccl-CYP86A2-Ciclev10019633m,citrus-clementina:Citrus clementina other clans:0019,https://drnelson.uthsc.edu/Citrus.clementina.P450s.xlsx,Workbook sheet Citrus clementina other clans row 19; gene ID=Ccl-CYP86A2-Ciclev10019633m; assigned CYP name=CYP86A89; source contains names/annotations only,,plants-Citrus.clementina.P450s.xlsx,3b8d94ae02ea9733e8db640058af2b6522610becfb9933da66046fa690a091e3,Citrus clementina other clans,19,sequence-missing
plants,Citrus clementina,CYP86A90,Ccl-CYP86A8-Ciclev10019616m,citrus-clementina:Citrus clementina other clans:0020,https://drnelson.uthsc.edu/Citrus.clementina.P450s.xlsx,Workbook sheet Citrus clementina other clans row 20; gene ID=Ccl-CYP86A8-Ciclev10019616m; assigned CYP name=CYP86A90; source contains names/annotations only,,plants-Citrus.clementina.P450s.xlsx,3b8d94ae02ea9733e8db640058af2b6522610becfb9933da66046fa690a091e3,Citrus clementina other clans,20,sequence-missing
plants,Citrus clementina,CYP86B16,Ccl-CYP86B1-Ciclev10031117m,citrus-clementina:Citrus clementina other clans:0021,https://drnelson.uthsc.edu/Citrus.clementina.P450s.xlsx,Workbook sheet Citrus clementina other clans row 21; gene ID=Ccl-CYP86B1-Ciclev10031117m; assigned CYP name=CYP86B16; source contains names/annotations only,,plants-Citrus.clementina.P450s.xlsx,3b8d94ae02ea9733e8db640058af2b6522610becfb9933da66046fa690a091e3,Citrus clementina other clans,21,sequence-missing
plants,Citrus clementina,CYP86C6,Ccl-CYP86C1-Ciclev10033706m,citrus-clementina:Citrus clementina other clans:0022,https://drnelson.uthsc.edu/Citrus.clementina.P450s.xlsx,Workbook sheet Citrus clementina other clans row 22; gene ID=Ccl-CYP86C1-Ciclev10033706m; assigned CYP name=CYP86C6; source contains names/annotations only,,plants-Citrus.clementina.P450s.xlsx,3b8d94ae02ea9733e8db640058af2b6522610becfb9933da66046fa690a091e3,Citrus clementina other clans,22,sequence-missing
plants,Citrus clementina,CYP87A37,Ccl-CYP87A2-Ciclev10023269m,citrus-clementina:Citrus clementina other clans:0023,https://drnelson.uthsc.edu/Citrus.clementina.P450s.xlsx,Workbook sheet Citrus clementina other clans row 23; gene ID=Ccl-CYP87A2-Ciclev10023269m; assigned CYP name=CYP87A37; source contains names/annotations only,,plants-Citrus.clementina.P450s.xlsx,3b8d94ae02ea9733e8db640058af2b6522610becfb9933da66046fa690a091e3,Citrus clementina other clans,23,sequence-missing
plants,Citrus clementina,CYP87A38,Ccl-CYP87A3-Ciclev10019989m,citrus-clementina:Citrus clementina other clans:0024,https://drnelson.uthsc.edu/Citrus.clementina.P450s.xlsx,Workbook sheet Citrus clementina other clans row 24; gene ID=Ccl-CYP87A3-Ciclev10019989m; assigned CYP name=CYP87A38; source contains names/annotations only,,plants-Citrus.clementina.P450s.xlsx,3b8d94ae02ea9733e8db640058af2b6522610becfb9933da66046fa690a091e3,Citrus clementina other clans,24,sequence-missing
plants,Citrus clementina,CYP87B14,Ccl-CYP87A4-Ciclev10003322m,citrus-clementina:Citrus clementina other clans:0025,https://drnelson.uthsc.edu/Citrus.clementina.P450s.xlsx,Workbook sheet Citrus clementina other clans row 25; gene ID=Ccl-CYP87A4-Ciclev10003322m; assigned CYP name=CYP87B14; source contains names/annotations only,,plants-Citrus.clementina.P450s.xlsx,3b8d94ae02ea9733e8db640058af2b6522610becfb9933da66046fa690a091e3,Citrus clementina other clans,25,sequence-missing
plants,Citrus clementina,CYP88A37,Ccl-CYP88A4-Ciclev10031341m,citrus-clementina:Citrus clementina other clans:0026,https://drnelson.uthsc.edu/Citrus.clementina.P450s.xlsx,Workbook sheet Citrus clementina other clans row 26; gene ID=Ccl-CYP88A4-Ciclev10031341m; assigned CYP name=CYP88A37; source contains names/annotations only,,plants-Citrus.clementina.P450s.xlsx,3b8d94ae02ea9733e8db640058af2b6522610becfb9933da66046fa690a091e3,Citrus clementina other clans,26,sequence-missing
plants,Citrus clementina,CYP88A50,Ccl-CYP88A3-Ciclev10019986m,citrus-clementina:Citrus clementina other clans:0027,https://drnelson.uthsc.edu/Citrus.clementina.P450s.xlsx,Workbook sheet Citrus clementina other clans row 27; gene ID=Ccl-CYP88A3-Ciclev10019986m; assigned CYP name=CYP88A50; source contains names/annotations only,,plants-Citrus.clementina.P450s.xlsx,3b8d94ae02ea9733e8db640058af2b6522610becfb9933da66046fa690a091e3,Citrus clementina other clans,27,sequence-missing
plants,Citrus clementina,CYP90A8,Ccl-CYP90A1-Ciclev10031576m,citrus-clementina:Citrus clementina other clans:0028,https://drnelson.uthsc.edu/Citrus.clementina.P450s.xlsx,Workbook sheet Citrus clementina other clans row 28; gene ID=Ccl-CYP90A1-Ciclev10031576m; assigned CYP name=CYP90A8; source contains names/annotations only,,plants-Citrus.clementina.P450s.xlsx,3b8d94ae02ea9733e8db640058af2b6522610becfb9933da66046fa690a091e3,Citrus clementina other clans,28,sequence-missing
plants,Citrus clementina,CYP90B25,Ccl-CYP90B1-Ciclev10025451m,citrus-clementina:Citrus clementina other clans:0029,https://drnelson.uthsc.edu/Citrus.clementina.P450s.xlsx,Workbook sheet Citrus clementina other clans row 29; gene ID=Ccl-CYP90B1-Ciclev10025451m; assigned CYP name=CYP90B25; source contains names/annotations only,,plants-Citrus.clementina.P450s.xlsx,3b8d94ae02ea9733e8db640058af2b6522610becfb9933da66046fa690a091e3,Citrus clementina other clans,29,sequence-missing
plants,Citrus clementina,CYP90C18,Ccl-CYP90C1-Ciclev10025479m,citrus-clementina:Citrus clementina other clans:0030,https://drnelson.uthsc.edu/Citrus.clementina.P450s.xlsx,Workbook sheet Citrus clementina other clans row 30; gene ID=Ccl-CYP90C1-Ciclev10025479m; assigned CYP name=CYP90C18; source contains names/annotations only,,plants-Citrus.clementina.P450s.xlsx,3b8d94ae02ea9733e8db640058af2b6522610becfb9933da66046fa690a091e3,Citrus clementina other clans,30,sequence-missing
plants,Citrus clementina,CYP90D26,Ccl-CYP90D1-Ciclev10025448m,citrus-clementina:Citrus clementina other clans:0031,https://drnelson.uthsc.edu/Citrus.clementina.P450s.xlsx,Workbook sheet Citrus clementina other clans row 31; gene ID=Ccl-CYP90D1-Ciclev10025448m; assigned CYP name=CYP90D26; source contains names/annotations only,,plants-Citrus.clementina.P450s.xlsx,3b8d94ae02ea9733e8db640058af2b6522610becfb9933da66046fa690a091e3,Citrus clementina other clans,31,sequence-missing
plants,Citrus clementina,CYP94A11,Ccl-CYP94D3-Ciclev10023967m,citrus-clementina:Citrus clementina other clans:0032,https://drnelson.uthsc.edu/Citrus.clementina.P450s.xlsx,Workbook sheet Citrus clementina other clans row 32; gene ID=Ccl-CYP94D3-Ciclev10023967m; assigned CYP name=CYP94A11; source contains names/annotations only,,plants-Citrus.clementina.P450s.xlsx,3b8d94ae02ea9733e8db640058af2b6522610becfb9933da66046fa690a091e3,Citrus clementina other clans,32,sequence-missing
plants,Citrus clementina,CYP94B48,Ccl-CYP94B1-Ciclev10019793m,citrus-clementina:Citrus clementina other clans:0033,https://drnelson.uthsc.edu/Citrus.clementina.P450s.xlsx,Workbook sheet Citrus clementina other clans row 33; gene ID=Ccl-CYP94B1-Ciclev10019793m; assigned CYP name=CYP94B48; source contains names/annotations only,,plants-Citrus.clementina.P450s.xlsx,3b8d94ae02ea9733e8db640058af2b6522610becfb9933da66046fa690a091e3,Citrus clementina other clans,33,sequence-missing
plants,Citrus clementina,CYP94B49,Ccl-CYP94B3-Ciclev10017920m,citrus-clementina:Citrus clementina other clans:0034,https://drnelson.uthsc.edu/Citrus.clementina.P450s.xlsx,Workbook sheet Citrus clementina other clans row 34; gene ID=Ccl-CYP94B3-Ciclev10017920m; assigned CYP name=CYP94B49; source contains names/annotations only,,plants-Citrus.clementina.P450s.xlsx,3b8d94ae02ea9733e8db640058af2b6522610becfb9933da66046fa690a091e3,Citrus clementina other clans,34,sequence-missing
plants,Citrus clementina,CYP94C52,Ccl-CYP94C3-Ciclev10028253m,citrus-clementina:Citrus clementina other clans:0035,https://drnelson.uthsc.edu/Citrus.clementina.P450s.xlsx,Workbook sheet Citrus clementina other clans row 35; gene ID=Ccl-CYP94C3-Ciclev10028253m; assigned CYP name=CYP94C52; source contains names/annotations only,,plants-Citrus.clementina.P450s.xlsx,3b8d94ae02ea9733e8db640058af2b6522610becfb9933da66046fa690a091e3,Citrus clementina other clans,35,sequence-missing
plants,Citrus clementina,CYP94C53,Ccl-CYP94C5-Ciclev10013407m,citrus-clementina:Citrus clementina other clans:0036,https://drnelson.uthsc.edu/Citrus.clementina.P450s.xlsx,Workbook sheet Citrus clementina other clans row 36; gene ID=Ccl-CYP94C5-Ciclev10013407m; assigned CYP name=CYP94C53; source contains names/annotations only,,plants-Citrus.clementina.P450s.xlsx,3b8d94ae02ea9733e8db640058af2b6522610becfb9933da66046fa690a091e3,Citrus clementina other clans,36,sequence-missing
plants,Citrus clementina,CYP94C8,Ccl-CYP94C1-Ciclev10033768m,citrus-clementina:Citrus clementina other clans:0037,https://drnelson.uthsc.edu/Citrus.clementina.P450s.xlsx,Workbook sheet Citrus clementina other clans row 37; gene ID=Ccl-CYP94C1-Ciclev10033768m; assigned CYP name=CYP94C8; source contains names/annotations only,,plants-Citrus.clementina.P450s.xlsx,3b8d94ae02ea9733e8db640058af2b6522610becfb9933da66046fa690a091e3,Citrus clementina other clans,37,sequence-missing
plants,Citrus clementina,CYP94C52,Ccl-CYP94C2-Ciclev10028254m,citrus-clementina:Citrus clementina other clans:0038,https://drnelson.uthsc.edu/Citrus.clementina.P450s.xlsx,Workbook sheet Citrus clementina other clans row 38; gene ID=Ccl-CYP94C2-Ciclev10028254m; assigned CYP name=CYP94C52; source contains names/annotations only,,plants-Citrus.clementina.P450s.xlsx,3b8d94ae02ea9733e8db640058af2b6522610becfb9933da66046fa690a091e3,Citrus clementina other clans,38,sequence-missing
plants,Citrus clementina,CYP94C53,Ccl-CYP94C4-Ciclev10013425m,citrus-clementina:Citrus clementina other clans:0039,https://drnelson.uthsc.edu/Citrus.clementina.P450s.xlsx,Workbook sheet Citrus clementina other clans row 39; gene ID=Ccl-CYP94C4-Ciclev10013425m; assigned CYP name=CYP94C53; source contains names/annotations only,,plants-Citrus.clementina.P450s.xlsx,3b8d94ae02ea9733e8db640058af2b6522610becfb9933da66046fa690a091e3,Citrus clementina other clans,39,sequence-missing
plants,Citrus clementina,CYP94D46,Ccl-CYP94D2-Ciclev10011533m,citrus-clementina:Citrus clementina other clans:0040,https://drnelson.uthsc.edu/Citrus.clementina.P450s.xlsx,Workbook sheet Citrus clementina other clans row 40; gene ID=Ccl-CYP94D2-Ciclev10011533m; assigned CYP name=CYP94D46; source contains names/annotations only,,plants-Citrus.clementina.P450s.xlsx,3b8d94ae02ea9733e8db640058af2b6522610becfb9933da66046fa690a091e3,Citrus clementina other clans,40,sequence-missing
plants,Citrus clementina,CYP94F7,Ccl-CYP94D1-Ciclev10014886m,citrus-clementina:Citrus clementina other clans:0041,https://drnelson.uthsc.edu/Citrus.clementina.P450s.xlsx,Workbook sheet Citrus clementina other clans row 41; gene ID=Ccl-CYP94D1-Ciclev10014886m; assigned CYP name=CYP94F7; source contains names/annotations only,,plants-Citrus.clementina.P450s.xlsx,3b8d94ae02ea9733e8db640058af2b6522610becfb9933da66046fa690a091e3,Citrus clementina other clans,41,sequence-missing
plants,Citrus clementina,CYP96A83,Ccl-CYP96A10-Ciclev10025412m,citrus-clementina:Citrus clementina other clans:0042,https://drnelson.uthsc.edu/Citrus.clementina.P450s.xlsx,Workbook sheet Citrus clementina other clans row 42; gene ID=Ccl-CYP96A10-Ciclev10025412m; assigned CYP name=CYP96A83; source contains names/annotations only,,plants-Citrus.clementina.P450s.xlsx,3b8d94ae02ea9733e8db640058af2b6522610becfb9933da66046fa690a091e3,Citrus clementina other clans,42,sequence-missing
plants,Citrus clementina,CYP96A18,Ccl-CYP96A1-Ciclev10025385m,citrus-clementina:Citrus clementina other clans:0043,https://drnelson.uthsc.edu/Citrus.clementina.P450s.xlsx,Workbook sheet Citrus clementina other clans row 43; gene ID=Ccl-CYP96A1-Ciclev10025385m; assigned CYP name=CYP96A18; source contains names/annotations only,,plants-Citrus.clementina.P450s.xlsx,3b8d94ae02ea9733e8db640058af2b6522610becfb9933da66046fa690a091e3,Citrus clementina other clans,43,sequence-missing
plants,Citrus clementina,CYP96F5,Ccl-CYP96A4-Ciclev10017795m,citrus-clementina:Citrus clementina other clans:0044,https://drnelson.uthsc.edu/Citrus.clementina.P450s.xlsx,Workbook sheet Citrus clementina other clans row 44; gene ID=Ccl-CYP96A4-Ciclev10017795m; assigned CYP name=CYP96F5; source contains names/annotations only,,plants-Citrus.clementina.P450s.xlsx,3b8d94ae02ea9733e8db640058af2b6522610becfb9933da66046fa690a091e3,Citrus clementina other clans,44,sequence-missing
plants,Citrus clementina,CYP96F5,Ccl-CYP96A9-Ciclev10014930m,citrus-clementina:Citrus clementina other clans:0045,https://drnelson.uthsc.edu/Citrus.clementina.P450s.xlsx,Workbook sheet Citrus clementina other clans row 45; gene ID=Ccl-CYP96A9-Ciclev10014930m; assigned CYP name=CYP96F5; source contains names/annotations only,,plants-Citrus.clementina.P450s.xlsx,3b8d94ae02ea9733e8db640058af2b6522610becfb9933da66046fa690a091e3,Citrus clementina other clans,45,sequence-missing
plants,Citrus clementina,CYP97A40,Ccl-CYP97A3-Ciclev10011312m,citrus-clementina:Citrus clementina other clans:0046,https://drnelson.uthsc.edu/Citrus.clementina.P450s.xlsx,Workbook sheet Citrus clementina other clans row 46; gene ID=Ccl-CYP97A3-Ciclev10011312m; assigned CYP name=CYP97A40; source contains names/annotations only,,plants-Citrus.clementina.P450s.xlsx,3b8d94ae02ea9733e8db640058af2b6522610becfb9933da66046fa690a091e3,Citrus clementina other clans,46,sequence-missing
plants,Citrus clementina,CYP97B33,Ccl-CYP97B3-Ciclev10011353m,citrus-clementina:Citrus clementina other clans:0047,https://drnelson.uthsc.edu/Citrus.clementina.P450s.xlsx,Workbook sheet Citrus clementina other clans row 47; gene ID=Ccl-CYP97B3-Ciclev10011353m; assigned CYP name=CYP97B33; source contains names/annotations only,,plants-Citrus.clementina.P450s.xlsx,3b8d94ae02ea9733e8db640058af2b6522610becfb9933da66046fa690a091e3,Citrus clementina other clans,47,sequence-missing
plants,Citrus clementina,CYP97C27,Ccl-CYP97C1-Ciclev10011420m,citrus-clementina:Citrus clementina other clans:0048,https://drnelson.uthsc.edu/Citrus.clementina.P450s.xlsx,Workbook sheet Citrus clementina other clans row 48; gene ID=Ccl-CYP97C1-Ciclev10011420m; assigned CYP name=CYP97C27; source contains names/annotations only,,plants-Citrus.clementina.P450s.xlsx,3b8d94ae02ea9733e8db640058af2b6522610becfb9933da66046fa690a091e3,Citrus clementina other clans,48,sequence-missing
plants,Citrus clementina,CYP704A93,Ccl-CYP704A1-Ciclev10023337m,citrus-clementina:Citrus clementina other clans:0049,https://drnelson.uthsc.edu/Citrus.clementina.P450s.xlsx,Workbook sheet Citrus clementina other clans row 49; gene ID=Ccl-CYP704A1-Ciclev10023337m; assigned CYP name=CYP704A93; source contains names/annotations only,,plants-Citrus.clementina.P450s.xlsx,3b8d94ae02ea9733e8db640058af2b6522610becfb9933da66046fa690a091e3,Citrus clementina other clans,49,sequence-missing
plants,Citrus clementina,CYP704A95,Ccl-CYP704A2-Ciclev10004720m,citrus-clementina:Citrus clementina other clans:0050,https://drnelson.uthsc.edu/Citrus.clementina.P450s.xlsx,Workbook sheet Citrus clementina other clans row 50; gene ID=Ccl-CYP704A2-Ciclev10004720m; assigned CYP name=CYP704A95; source contains names/annotations only,,plants-Citrus.clementina.P450s.xlsx,3b8d94ae02ea9733e8db640058af2b6522610becfb9933da66046fa690a091e3,Citrus clementina other clans,50,sequence-missing
plants,Citrus clementina,CYP704A96,Ccl-CYP704A3-Ciclev10019805m,citrus-clementina:Citrus clementina other clans:0051,https://drnelson.uthsc.edu/Citrus.clementina.P450s.xlsx,Workbook sheet Citrus clementina other clans row 51; gene ID=Ccl-CYP704A3-Ciclev10019805m; assigned CYP name=CYP704A96; source contains names/annotations only,,plants-Citrus.clementina.P450s.xlsx,3b8d94ae02ea9733e8db640058af2b6522610becfb9933da66046fa690a091e3,Citrus clementina other clans,51,sequence-missing
plants,Citrus clementina,CYP704B26,Ccl-CYP704B1-Ciclev10010274m,citrus-clementina:Citrus clementina other clans:0052,https://drnelson.uthsc.edu/Citrus.clementina.P450s.xlsx,Workbook sheet Citrus clementina other clans row 52; gene ID=Ccl-CYP704B1-Ciclev10010274m; assigned CYP name=CYP704B26; source contains names/annotations only,,plants-Citrus.clementina.P450s.xlsx,3b8d94ae02ea9733e8db640058af2b6522610becfb9933da66046fa690a091e3,Citrus clementina other clans,52,sequence-missing
plants,Citrus clementina,CYP707A15,Ccl-CYP707A1-Ciclev10011655m,citrus-clementina:Citrus clementina other clans:0053,https://drnelson.uthsc.edu/Citrus.clementina.P450s.xlsx,Workbook sheet Citrus clementina other clans row 53; gene ID=Ccl-CYP707A1-Ciclev10011655m; assigned CYP name=CYP707A15; source contains names/annotations only,,plants-Citrus.clementina.P450s.xlsx,3b8d94ae02ea9733e8db640058af2b6522610becfb9933da66046fa690a091e3,Citrus clementina other clans,53,sequence-missing
plants,Citrus clementina,CYP707A40,Ccl-CYP707A6-Ciclev10027226m,citrus-clementina:Citrus clementina other clans:0054,https://drnelson.uthsc.edu/Citrus.clementina.P450s.xlsx,Workbook sheet Citrus clementina other clans row 54; gene ID=Ccl-CYP707A6-Ciclev10027226m; assigned CYP name=CYP707A40; source contains names/annotations only,,plants-Citrus.clementina.P450s.xlsx,3b8d94ae02ea9733e8db640058af2b6522610becfb9933da66046fa690a091e3,Citrus clementina other clans,54,sequence-missing
plants,Citrus clementina,CYP707A29,Ccl-CYP707A5-Ciclev10001043m,citrus-clementina:Citrus clementina other clans:0055,https://drnelson.uthsc.edu/Citrus.clementina.P450s.xlsx,Workbook sheet Citrus clementina other clans row 55; gene ID=Ccl-CYP707A5-Ciclev10001043m; assigned CYP name=CYP707A29; source contains names/annotations only,,plants-Citrus.clementina.P450s.xlsx,3b8d94ae02ea9733e8db640058af2b6522610becfb9933da66046fa690a091e3,Citrus clementina other clans,55,sequence-missing
plants,Citrus clementina,CYP707A96,Ccl-CYP707A2-Ciclev10028346m,citrus-clementina:Citrus clementina other clans:0056,https://drnelson.uthsc.edu/Citrus.clementina.P450s.xlsx,Workbook sheet Citrus clementina other clans row 56; gene ID=Ccl-CYP707A2-Ciclev10028346m; assigned CYP name=CYP707A96; source contains names/annotations only,,plants-Citrus.clementina.P450s.xlsx,3b8d94ae02ea9733e8db640058af2b6522610becfb9933da66046fa690a091e3,Citrus clementina other clans,56,sequence-missing
plants,Citrus clementina,CYP707A97,Ccl-CYP707A4-Ciclev10028355m,citrus-clementina:Citrus clementina other clans:0057,https://drnelson.uthsc.edu/Citrus.clementina.P450s.xlsx,Workbook sheet Citrus clementina other clans row 57; gene ID=Ccl-CYP707A4-Ciclev10028355m; assigned CYP name=CYP707A97; source contains names/annotations only,,plants-Citrus.clementina.P450s.xlsx,3b8d94ae02ea9733e8db640058af2b6522610becfb9933da66046fa690a091e3,Citrus clementina other clans,57,sequence-missing
plants,Citrus clementina,CYP710A17,Ccl-CYP710A1-Ciclev10014973m,citrus-clementina:Citrus clementina other clans:0058,https://drnelson.uthsc.edu/Citrus.clementina.P450s.xlsx,Workbook sheet Citrus clementina other clans row 58; gene ID=Ccl-CYP710A1-Ciclev10014973m; assigned CYP name=CYP710A17; source contains names/annotations only,,plants-Citrus.clementina.P450s.xlsx,3b8d94ae02ea9733e8db640058af2b6522610becfb9933da66046fa690a091e3,Citrus clementina other clans,58,sequence-missing
plants,Citrus clementina,CYP711A42,Ccl-CYP711A1-Ciclev10007948m,citrus-clementina:Citrus clementina other clans:0059,https://drnelson.uthsc.edu/Citrus.clementina.P450s.xlsx,Workbook sheet Citrus clementina other clans row 59; gene ID=Ccl-CYP711A1-Ciclev10007948m; assigned CYP name=CYP711A42; source contains names/annotations only,,plants-Citrus.clementina.P450s.xlsx,3b8d94ae02ea9733e8db640058af2b6522610becfb9933da66046fa690a091e3,Citrus clementina other clans,59,sequence-missing
plants,Citrus clementina,CYP711A43,Ccl-CYP711A2-Ciclev10025311m,citrus-clementina:Citrus clementina other clans:0060,https://drnelson.uthsc.edu/Citrus.clementina.P450s.xlsx,Workbook sheet Citrus clementina other clans row 60; gene ID=Ccl-CYP711A2-Ciclev10025311m; assigned CYP name=CYP711A43; source contains names/annotations only,,plants-Citrus.clementina.P450s.xlsx,3b8d94ae02ea9733e8db640058af2b6522610becfb9933da66046fa690a091e3,Citrus clementina other clans,60,sequence-missing
plants,Citrus clementina,CYP714A24,Ccl-CYP714A1-Ciclev10031065m,citrus-clementina:Citrus clementina other clans:0061,https://drnelson.uthsc.edu/Citrus.clementina.P450s.xlsx,Workbook sheet Citrus clementina other clans row 61; gene ID=Ccl-CYP714A1-Ciclev10031065m; assigned CYP name=CYP714A24; source contains names/annotations only,,plants-Citrus.clementina.P450s.xlsx,3b8d94ae02ea9733e8db640058af2b6522610becfb9933da66046fa690a091e3,Citrus clementina other clans,61,sequence-missing
plants,Citrus clementina,CYP714E20,Ccl-CYP714A3-Ciclev10019584m,citrus-clementina:Citrus clementina other clans:0062,https://drnelson.uthsc.edu/Citrus.clementina.P450s.xlsx,Workbook sheet Citrus clementina other clans row 62; gene ID=Ccl-CYP714A3-Ciclev10019584m; assigned CYP name=CYP714E20; source contains names/annotations only,,plants-Citrus.clementina.P450s.xlsx,3b8d94ae02ea9733e8db640058af2b6522610becfb9933da66046fa690a091e3,Citrus clementina other clans,62,sequence-missing
plants,Citrus clementina,CYP714M4,Ccl-CYP714A4-Ciclev10011453m,citrus-clementina:Citrus clementina other clans:0063,https://drnelson.uthsc.edu/Citrus.clementina.P450s.xlsx,Workbook sheet Citrus clementina other clans row 63; gene ID=Ccl-CYP714A4-Ciclev10011453m; assigned CYP name=CYP714M4; source contains names/annotations only,,plants-Citrus.clementina.P450s.xlsx,3b8d94ae02ea9733e8db640058af2b6522610becfb9933da66046fa690a091e3,Citrus clementina other clans,63,sequence-missing
plants,Citrus clementina,CYP715A25,Ccl-CYP715A1-Ciclev10007185m,citrus-clementina:Citrus clementina other clans:0064,https://drnelson.uthsc.edu/Citrus.clementina.P450s.xlsx,Workbook sheet Citrus clementina other clans row 64; gene ID=Ccl-CYP715A1-Ciclev10007185m; assigned CYP name=CYP715A25; source contains names/annotations only,,plants-Citrus.clementina.P450s.xlsx,3b8d94ae02ea9733e8db640058af2b6522610becfb9933da66046fa690a091e3,Citrus clementina other clans,64,sequence-missing
plants,Citrus clementina,CYP716A87,Ccl-CYP716A2-Ciclev10030148m,citrus-clementina:Citrus clementina other clans:0065,https://drnelson.uthsc.edu/Citrus.clementina.P450s.xlsx,Workbook sheet Citrus clementina other clans row 65; gene ID=Ccl-CYP716A2-Ciclev10030148m; assigned CYP name=CYP716A87; source contains names/annotations only,,plants-Citrus.clementina.P450s.xlsx,3b8d94ae02ea9733e8db640058af2b6522610becfb9933da66046fa690a091e3,Citrus clementina other clans,65,sequence-missing
plants,Citrus clementina,CYP716A88,Ccl-CYP716A6-Ciclev10010450m,citrus-clementina:Citrus clementina other clans:0066,https://drnelson.uthsc.edu/Citrus.clementina.P450s.xlsx,Workbook sheet Citrus clementina other clans row 66; gene ID=Ccl-CYP716A6-Ciclev10010450m; assigned CYP name=CYP716A88; source contains names/annotations only,,plants-Citrus.clementina.P450s.xlsx,3b8d94ae02ea9733e8db640058af2b6522610becfb9933da66046fa690a091e3,Citrus clementina other clans,66,sequence-missing
plants,Citrus clementina,CYP716D24,Ccl-CYP716A3-Ciclev10015070m,citrus-clementina:Citrus clementina other clans:0067,https://drnelson.uthsc.edu/Citrus.clementina.P450s.xlsx,Workbook sheet Citrus clementina other clans row 67; gene ID=Ccl-CYP716A3-Ciclev10015070m; assigned CYP name=CYP716D24; source contains names/annotations only,,plants-Citrus.clementina.P450s.xlsx,3b8d94ae02ea9733e8db640058af2b6522610becfb9933da66046fa690a091e3,Citrus clementina other clans,67,sequence-missing
plants,Citrus clementina,CYP716AC1,Ccl-CYP716A1-Ciclev10001024m,citrus-clementina:Citrus clementina other clans:0068,https://drnelson.uthsc.edu/Citrus.clementina.P450s.xlsx,Workbook sheet Citrus clementina other clans row 68; gene ID=Ccl-CYP716A1-Ciclev10001024m; assigned CYP name=CYP716AC1; source contains names/annotations only,,plants-Citrus.clementina.P450s.xlsx,3b8d94ae02ea9733e8db640058af2b6522610becfb9933da66046fa690a091e3,Citrus clementina other clans,68,sequence-missing
plants,Citrus clementina,CYP716AD1,Ccl-CYP716A4-Ciclev10019890m,citrus-clementina:Citrus clementina other clans:0069,https://drnelson.uthsc.edu/Citrus.clementina.P450s.xlsx,Workbook sheet Citrus clementina other clans row 69; gene ID=Ccl-CYP716A4-Ciclev10019890m; assigned CYP name=CYP716AD1; source contains names/annotations only,,plants-Citrus.clementina.P450s.xlsx,3b8d94ae02ea9733e8db640058af2b6522610becfb9933da66046fa690a091e3,Citrus clementina other clans,69,sequence-missing
plants,Citrus clementina,CYP716AD2,Ccl-CYP716A5-Ciclev10019893m,citrus-clementina:Citrus clementina other clans:0070,https://drnelson.uthsc.edu/Citrus.clementina.P450s.xlsx,Workbook sheet Citrus clementina other clans row 70; gene ID=Ccl-CYP716A5-Ciclev10019893m; assigned CYP name=CYP716AD2; source contains names/annotations only,,plants-Citrus.clementina.P450s.xlsx,3b8d94ae02ea9733e8db640058af2b6522610becfb9933da66046fa690a091e3,Citrus clementina other clans,70,sequence-missing
plants,Citrus clementina,CYP718A13,Ccl-CYP718-Ciclev10031591m,citrus-clementina:Citrus clementina other clans:0071,https://drnelson.uthsc.edu/Citrus.clementina.P450s.xlsx,Workbook sheet Citrus clementina other clans row 71; gene ID=Ccl-CYP718-Ciclev10031591m; assigned CYP name=CYP718A13; source contains names/annotations only,,plants-Citrus.clementina.P450s.xlsx,3b8d94ae02ea9733e8db640058af2b6522610becfb9933da66046fa690a091e3,Citrus clementina other clans,71,sequence-missing
plants,Citrus clementina,CYP720A1,Ccl-CYP720A1-Ciclev10023543m,citrus-clementina:Citrus clementina other clans:0072,https://drnelson.uthsc.edu/Citrus.clementina.P450s.xlsx,Workbook sheet Citrus clementina other clans row 72; gene ID=Ccl-CYP720A1-Ciclev10023543m; assigned CYP name=CYP720A1; source contains names/annotations only,,plants-Citrus.clementina.P450s.xlsx,3b8d94ae02ea9733e8db640058af2b6522610becfb9933da66046fa690a091e3,Citrus clementina other clans,72,sequence-missing
plants,Citrus clementina,CYP721A35,Ccl-CYP721A1-Ciclev10000905m,citrus-clementina:Citrus clementina other clans:0073,https://drnelson.uthsc.edu/Citrus.clementina.P450s.xlsx,Workbook sheet Citrus clementina other clans row 73; gene ID=Ccl-CYP721A1-Ciclev10000905m; assigned CYP name=CYP721A35; source contains names/annotations only,,plants-Citrus.clementina.P450s.xlsx,3b8d94ae02ea9733e8db640058af2b6522610becfb9933da66046fa690a091e3,Citrus clementina other clans,73,sequence-missing
plants,Citrus clementina,CYP721A36,Ccl-CYP721A2-Ciclev10003134m,citrus-clementina:Citrus clementina other clans:0074,https://drnelson.uthsc.edu/Citrus.clementina.P450s.xlsx,Workbook sheet Citrus clementina other clans row 74; gene ID=Ccl-CYP721A2-Ciclev10003134m; assigned CYP name=CYP721A36; source contains names/annotations only,,plants-Citrus.clementina.P450s.xlsx,3b8d94ae02ea9733e8db640058af2b6522610becfb9933da66046fa690a091e3,Citrus clementina other clans,74,sequence-missing
plants,Citrus clementina,CYP721A37,Ccl-CYP721A3-Ciclev10027532m,citrus-clementina:Citrus clementina other clans:0075,https://drnelson.uthsc.edu/Citrus.clementina.P450s.xlsx,Workbook sheet Citrus clementina other clans row 75; gene ID=Ccl-CYP721A3-Ciclev10027532m; assigned CYP name=CYP721A37; source contains names/annotations only,,plants-Citrus.clementina.P450s.xlsx,3b8d94ae02ea9733e8db640058af2b6522610becfb9933da66046fa690a091e3,Citrus clementina other clans,75,sequence-missing
plants,Citrus clementina,CYP722A7,Ccl-CYP722A1-Ciclev10027097m,citrus-clementina:Citrus clementina other clans:0076,https://drnelson.uthsc.edu/Citrus.clementina.P450s.xlsx,Workbook sheet Citrus clementina other clans row 76; gene ID=Ccl-CYP722A1-Ciclev10027097m; assigned CYP name=CYP722A7; source contains names/annotations only,,plants-Citrus.clementina.P450s.xlsx,3b8d94ae02ea9733e8db640058af2b6522610becfb9933da66046fa690a091e3,Citrus clementina other clans,76,sequence-missing
plants,Citrus clementina,CYP722C5,Ccl-CYP722A2-Ciclev10027167m,citrus-clementina:Citrus clementina other clans:0077,https://drnelson.uthsc.edu/Citrus.clementina.P450s.xlsx,Workbook sheet Citrus clementina other clans row 77; gene ID=Ccl-CYP722A2-Ciclev10027167m; assigned CYP name=CYP722C5; source contains names/annotations only,,plants-Citrus.clementina.P450s.xlsx,3b8d94ae02ea9733e8db640058af2b6522610becfb9933da66046fa690a091e3,Citrus clementina other clans,77,sequence-missing
plants,Citrus clementina,CYP724A1,Ccl-CYP724A1-Ciclev10017470m,citrus-clementina:Citrus clementina other clans:0078,https://drnelson.uthsc.edu/Citrus.clementina.P450s.xlsx,Workbook sheet Citrus clementina other clans row 78; gene ID=Ccl-CYP724A1-Ciclev10017470m; assigned CYP name=CYP724A1; source contains names/annotations only,,plants-Citrus.clementina.P450s.xlsx,3b8d94ae02ea9733e8db640058af2b6522610becfb9933da66046fa690a091e3,Citrus clementina other clans,78,sequence-missing
plants,Citrus clementina,CYP724B23,Ccl-CYP724A2-Ciclev10015033m,citrus-clementina:Citrus clementina other clans:0079,https://drnelson.uthsc.edu/Citrus.clementina.P450s.xlsx,Workbook sheet Citrus clementina other clans row 79; gene ID=Ccl-CYP724A2-Ciclev10015033m; assigned CYP name=CYP724B23; source contains names/annotations only,,plants-Citrus.clementina.P450s.xlsx,3b8d94ae02ea9733e8db640058af2b6522610becfb9933da66046fa690a091e3,Citrus clementina other clans,79,sequence-missing
plants,Citrus clementina,CYP727B3,Ccl-CYP715A2-Ciclev10000762m,citrus-clementina:Citrus clementina other clans:0080,https://drnelson.uthsc.edu/Citrus.clementina.P450s.xlsx,Workbook sheet Citrus clementina other clans row 80; gene ID=Ccl-CYP715A2-Ciclev10000762m; assigned CYP name=CYP727B3; source contains names/annotations only,,plants-Citrus.clementina.P450s.xlsx,3b8d94ae02ea9733e8db640058af2b6522610becfb9933da66046fa690a091e3,Citrus clementina other clans,80,sequence-missing
plants,Citrus clementina,CYP727B27,Ccl-CYP716B3-Ciclev10010640m,citrus-clementina:Citrus clementina other clans:0081,https://drnelson.uthsc.edu/Citrus.clementina.P450s.xlsx,Workbook sheet Citrus clementina other clans row 81; gene ID=Ccl-CYP716B3-Ciclev10010640m; assigned CYP name=CYP727B27; source contains names/annotations only,,plants-Citrus.clementina.P450s.xlsx,3b8d94ae02ea9733e8db640058af2b6522610becfb9933da66046fa690a091e3,Citrus clementina other clans,81,sequence-missing
plants,Citrus clementina,CYP728D14,Ccl-CYP716B1-Ciclev10018022m,citrus-clementina:Citrus clementina other clans:0082,https://drnelson.uthsc.edu/Citrus.clementina.P450s.xlsx,Workbook sheet Citrus clementina other clans row 82; gene ID=Ccl-CYP716B1-Ciclev10018022m; assigned CYP name=CYP728D14; source contains names/annotations only,,plants-Citrus.clementina.P450s.xlsx,3b8d94ae02ea9733e8db640058af2b6522610becfb9933da66046fa690a091e3,Citrus clementina other clans,82,sequence-missing
plants,Citrus clementina,CYP728D15,Ccl-CYP716B2-Ciclev10018288m,citrus-clementina:Citrus clementina other clans:0083,https://drnelson.uthsc.edu/Citrus.clementina.P450s.xlsx,Workbook sheet Citrus clementina other clans row 83; gene ID=Ccl-CYP716B2-Ciclev10018288m; assigned CYP name=CYP728D15; source contains names/annotations only,,plants-Citrus.clementina.P450s.xlsx,3b8d94ae02ea9733e8db640058af2b6522610becfb9933da66046fa690a091e3,Citrus clementina other clans,83,sequence-missing
plants,Citrus clementina,CYP733A1,Ccl-CYP722B1-Ciclev10003821m,citrus-clementina:Citrus clementina other clans:0084,https://drnelson.uthsc.edu/Citrus.clementina.P450s.xlsx,Workbook sheet Citrus clementina other clans row 84; gene ID=Ccl-CYP722B1-Ciclev10003821m; assigned CYP name=CYP733A1; source contains names/annotations only,,plants-Citrus.clementina.P450s.xlsx,3b8d94ae02ea9733e8db640058af2b6522610becfb9933da66046fa690a091e3,Citrus clementina other clans,84,sequence-missing
plants,Citrus clementina,CYP734A32,Ccl-CYP734A1-Ciclev10007914m,citrus-clementina:Citrus clementina other clans:0085,https://drnelson.uthsc.edu/Citrus.clementina.P450s.xlsx,Workbook sheet Citrus clementina other clans row 85; gene ID=Ccl-CYP734A1-Ciclev10007914m; assigned CYP name=CYP734A32; source contains names/annotations only,,plants-Citrus.clementina.P450s.xlsx,3b8d94ae02ea9733e8db640058af2b6522610becfb9933da66046fa690a091e3,Citrus clementina other clans,85,sequence-missing
plants,Citrus clementina,CYP735A22,Ccl-CYP735A1-Ciclev10011497m,citrus-clementina:Citrus clementina other clans:0086,https://drnelson.uthsc.edu/Citrus.clementina.P450s.xlsx,Workbook sheet Citrus clementina other clans row 86; gene ID=Ccl-CYP735A1-Ciclev10011497m; assigned CYP name=CYP735A22; source contains names/annotations only,,plants-Citrus.clementina.P450s.xlsx,3b8d94ae02ea9733e8db640058af2b6522610becfb9933da66046fa690a091e3,Citrus clementina other clans,86,sequence-missing
plants,Citrus clementina,CYP749A34,Ccl-CYP734A2-Ciclev10033321m,citrus-clementina:Citrus clementina other clans:0087,https://drnelson.uthsc.edu/Citrus.clementina.P450s.xlsx,Workbook sheet Citrus clementina other clans row 87; gene ID=Ccl-CYP734A2-Ciclev10033321m; assigned CYP name=CYP749A34; source contains names/annotations only,,plants-Citrus.clementina.P450s.xlsx,3b8d94ae02ea9733e8db640058af2b6522610becfb9933da66046fa690a091e3,Citrus clementina other clans,87,sequence-missing
plants,Citrus clementina,CYP749A35,Ccl-CYP734B2-Ciclev10031156m,citrus-clementina:Citrus clementina other clans:0088,https://drnelson.uthsc.edu/Citrus.clementina.P450s.xlsx,Workbook sheet Citrus clementina other clans row 88; gene ID=Ccl-CYP734B2-Ciclev10031156m; assigned CYP name=CYP749A35; source contains names/annotations only,,plants-Citrus.clementina.P450s.xlsx,3b8d94ae02ea9733e8db640058af2b6522610becfb9933da66046fa690a091e3,Citrus clementina other clans,88,sequence-missing
plants,Citrus clementina,CYP749A34,Ccl-CYP734A3-Ciclev10033485m,citrus-clementina:Citrus clementina other clans:0089,https://drnelson.uthsc.edu/Citrus.clementina.P450s.xlsx,Workbook sheet Citrus clementina other clans row 89; gene ID=Ccl-CYP734A3-Ciclev10033485m; assigned CYP name=CYP749A34; source contains names/annotations only,,plants-Citrus.clementina.P450s.xlsx,3b8d94ae02ea9733e8db640058af2b6522610becfb9933da66046fa690a091e3,Citrus clementina other clans,89,sequence-missing
plants,Citrus clementina,CYP749A34,Ccl-CYP734B1-Ciclev10033709m,citrus-clementina:Citrus clementina other clans:0090,https://drnelson.uthsc.edu/Citrus.clementina.P450s.xlsx,Workbook sheet Citrus clementina other clans row 90; gene ID=Ccl-CYP734B1-Ciclev10033709m; assigned CYP name=CYP749A34; source contains names/annotations only,,plants-Citrus.clementina.P450s.xlsx,3b8d94ae02ea9733e8db640058af2b6522610becfb9933da66046fa690a091e3,Citrus clementina other clans,90,sequence-missing
plants,Citrus clementina,CYP71AN25,Ccl-CYP71A12-Ciclev10018132m,citrus-clementina:Citrus clementina CYP71 clan:0002,https://drnelson.uthsc.edu/Citrus.clementina.P450s.xlsx,Workbook sheet Citrus clementina CYP71 clan row 2; gene ID=Ccl-CYP71A12-Ciclev10018132m; assigned CYP name=CYP71AN25; source contains names/annotations only,,plants-Citrus.clementina.P450s.xlsx,3b8d94ae02ea9733e8db640058af2b6522610becfb9933da66046fa690a091e3,Citrus clementina CYP71 clan,2,sequence-missing
plants,Citrus clementina,CYP71AN27,Ccl-CYP71A13-Ciclev10019699m,citrus-clementina:Citrus clementina CYP71 clan:0003,https://drnelson.uthsc.edu/Citrus.clementina.P450s.xlsx,Workbook sheet Citrus clementina CYP71 clan row 3; gene ID=Ccl-CYP71A13-Ciclev10019699m; assigned CYP name=CYP71AN27; source contains names/annotations only,,plants-Citrus.clementina.P450s.xlsx,3b8d94ae02ea9733e8db640058af2b6522610becfb9933da66046fa690a091e3,Citrus clementina CYP71 clan,3,sequence-missing
plants,Citrus clementina,CYP71AN28,Ccl-CYP71A14-Ciclev10019648m,citrus-clementina:Citrus clementina CYP71 clan:0004,https://drnelson.uthsc.edu/Citrus.clementina.P450s.xlsx,Workbook sheet Citrus clementina CYP71 clan row 4; gene ID=Ccl-CYP71A14-Ciclev10019648m; assigned CYP name=CYP71AN28; source contains names/annotations only,,plants-Citrus.clementina.P450s.xlsx,3b8d94ae02ea9733e8db640058af2b6522610becfb9933da66046fa690a091e3,Citrus clementina CYP71 clan,4,sequence-missing
plants,Citrus clementina,CYP71AN34,Ccl-CYP71A15-Ciclev10024587m,citrus-clementina:Citrus clementina CYP71 clan:0005,https://drnelson.uthsc.edu/Citrus.clementina.P450s.xlsx,Workbook sheet Citrus clementina CYP71 clan row 5; gene ID=Ccl-CYP71A15-Ciclev10024587m; assigned CYP name=CYP71AN34; source contains names/annotations only,,plants-Citrus.clementina.P450s.xlsx,3b8d94ae02ea9733e8db640058af2b6522610becfb9933da66046fa690a091e3,Citrus clementina CYP71 clan,5,sequence-missing
plants,Citrus clementina,CYP71AN29P,Ccl-CYP71A16-Ciclev10024607m,citrus-clementina:Citrus clementina CYP71 clan:0006,https://drnelson.uthsc.edu/Citrus.clementina.P450s.xlsx,Workbook sheet Citrus clementina CYP71 clan row 6; gene ID=Ccl-CYP71A16-Ciclev10024607m; assigned CYP name=CYP71AN29P; source contains names/annotations only,,plants-Citrus.clementina.P450s.xlsx,3b8d94ae02ea9733e8db640058af2b6522610becfb9933da66046fa690a091e3,Citrus clementina CYP71 clan,6,sequence-missing
plants,Citrus clementina,CYP71AN33,Ccl-CYP71A17-Ciclev10023920m,citrus-clementina:Citrus clementina CYP71 clan:0007,https://drnelson.uthsc.edu/Citrus.clementina.P450s.xlsx,Workbook sheet Citrus clementina CYP71 clan row 7; gene ID=Ccl-CYP71A17-Ciclev10023920m; assigned CYP name=CYP71AN33; source contains names/annotations only,,plants-Citrus.clementina.P450s.xlsx,3b8d94ae02ea9733e8db640058af2b6522610becfb9933da66046fa690a091e3,Citrus clementina CYP71 clan,7,sequence-missing
plants,Citrus clementina,CYP71AN32,Ccl-CYP71A18-Ciclev10019789m,citrus-clementina:Citrus clementina CYP71 clan:0008,https://drnelson.uthsc.edu/Citrus.clementina.P450s.xlsx,Workbook sheet Citrus clementina CYP71 clan row 8; gene ID=Ccl-CYP71A18-Ciclev10019789m; assigned CYP name=CYP71AN32; source contains names/annotations only,,plants-Citrus.clementina.P450s.xlsx,3b8d94ae02ea9733e8db640058af2b6522610becfb9933da66046fa690a091e3,Citrus clementina CYP71 clan,8,sequence-missing
plants,Citrus clementina,CYP71AH16,Ccl-CYP71A19-Ciclev10019903m,citrus-clementina:Citrus clementina CYP71 clan:0009,https://drnelson.uthsc.edu/Citrus.clementina.P450s.xlsx,Workbook sheet Citrus clementina CYP71 clan row 9; gene ID=Ccl-CYP71A19-Ciclev10019903m; assigned CYP name=CYP71AH16; source contains names/annotations only,,plants-Citrus.clementina.P450s.xlsx,3b8d94ae02ea9733e8db640058af2b6522610becfb9933da66046fa690a091e3,Citrus clementina CYP71 clan,9,sequence-missing
plants,Citrus clementina,CYP71CE1,Ccl-CYP71A20-Ciclev10023490m,citrus-clementina:Citrus clementina CYP71 clan:0010,https://drnelson.uthsc.edu/Citrus.clementina.P450s.xlsx,Workbook sheet Citrus clementina CYP71 clan row 10; gene ID=Ccl-CYP71A20-Ciclev10023490m; assigned CYP name=CYP71CE1; source contains names/annotations only,,plants-Citrus.clementina.P450s.xlsx,3b8d94ae02ea9733e8db640058af2b6522610becfb9933da66046fa690a091e3,Citrus clementina CYP71 clan,10,sequence-missing
plants,Citrus clementina,CYP71AN35,Ccl-CYP71A21-Ciclev10024390m,citrus-clementina:Citrus clementina CYP71 clan:0011,https://drnelson.uthsc.edu/Citrus.clementina.P450s.xlsx,Workbook sheet Citrus clementina CYP71 clan row 11; gene ID=Ccl-CYP71A21-Ciclev10024390m; assigned CYP name=CYP71AN35; source contains names/annotations only,,plants-Citrus.clementina.P450s.xlsx,3b8d94ae02ea9733e8db640058af2b6522610becfb9933da66046fa690a091e3,Citrus clementina CYP71 clan,11,sequence-missing
plants,Citrus clementina,CYP71AU54,Ccl-CYP71A22-Ciclev10007998m,citrus-clementina:Citrus clementina CYP71 clan:0012,https://drnelson.uthsc.edu/Citrus.clementina.P450s.xlsx,Workbook sheet Citrus clementina CYP71 clan row 12; gene ID=Ccl-CYP71A22-Ciclev10007998m; assigned CYP name=CYP71AU54; source contains names/annotations only,,plants-Citrus.clementina.P450s.xlsx,3b8d94ae02ea9733e8db640058af2b6522610becfb9933da66046fa690a091e3,Citrus clementina CYP71 clan,12,sequence-missing
plants,Citrus clementina,CYP71AN26,Ccl-CYP71A23-Ciclev10019797m,citrus-clementina:Citrus clementina CYP71 clan:0013,https://drnelson.uthsc.edu/Citrus.clementina.P450s.xlsx,Workbook sheet Citrus clementina CYP71 clan row 13; gene ID=Ccl-CYP71A23-Ciclev10019797m; assigned CYP name=CYP71AN26; source contains names/annotations only,,plants-Citrus.clementina.P450s.xlsx,3b8d94ae02ea9733e8db640058af2b6522610becfb9933da66046fa690a091e3,Citrus clementina CYP71 clan,13,sequence-missing
plants,Citrus clementina,CYP71BF11,Ccl-CYP71A25-Ciclev10023617m,citrus-clementina:Citrus clementina CYP71 clan:0014,https://drnelson.uthsc.edu/Citrus.clementina.P450s.xlsx,Workbook sheet Citrus clementina CYP71 clan row 14; gene ID=Ccl-CYP71A25-Ciclev10023617m; assigned CYP name=CYP71BF11; source contains names/annotations only,,plants-Citrus.clementina.P450s.xlsx,3b8d94ae02ea9733e8db640058af2b6522610becfb9933da66046fa690a091e3,Citrus clementina CYP71 clan,14,sequence-missing
plants,Citrus clementina,CYP71AU55,Ccl-CYP71A26-Ciclev10019801m,citrus-clementina:Citrus clementina CYP71 clan:0015,https://drnelson.uthsc.edu/Citrus.clementina.P450s.xlsx,Workbook sheet Citrus clementina CYP71 clan row 15; gene ID=Ccl-CYP71A26-Ciclev10019801m; assigned CYP name=CYP71AU55; source contains names/annotations only,,plants-Citrus.clementina.P450s.xlsx,3b8d94ae02ea9733e8db640058af2b6522610becfb9933da66046fa690a091e3,Citrus clementina CYP71 clan,15,sequence-missing
plants,Citrus clementina,CYP71AQ15,Ccl-CYP71A27-Ciclev10019613m,citrus-clementina:Citrus clementina CYP71 clan:0016,https://drnelson.uthsc.edu/Citrus.clementina.P450s.xlsx,Workbook sheet Citrus clementina CYP71 clan row 16; gene ID=Ccl-CYP71A27-Ciclev10019613m; assigned CYP name=CYP71AQ15; source contains names/annotations only,,plants-Citrus.clementina.P450s.xlsx,3b8d94ae02ea9733e8db640058af2b6522610becfb9933da66046fa690a091e3,Citrus clementina CYP71 clan,16,sequence-missing
plants,Citrus clementina,CYP71BG9,Ccl-CYP71A28-Ciclev10003953m,citrus-clementina:Citrus clementina CYP71 clan:0017,https://drnelson.uthsc.edu/Citrus.clementina.P450s.xlsx,Workbook sheet Citrus clementina CYP71 clan row 17; gene ID=Ccl-CYP71A28-Ciclev10003953m; assigned CYP name=CYP71BG9; source contains names/annotations only,,plants-Citrus.clementina.P450s.xlsx,3b8d94ae02ea9733e8db640058af2b6522610becfb9933da66046fa690a091e3,Citrus clementina CYP71 clan,17,sequence-missing
plants,Citrus clementina,CYP92A77,Ccl-CYP71A38P-Ciclev10025335m,citrus-clementina:Citrus clementina CYP71 clan:0018,https://drnelson.uthsc.edu/Citrus.clementina.P450s.xlsx,Workbook sheet Citrus clementina CYP71 clan row 18; gene ID=Ccl-CYP71A38P-Ciclev10025335m; assigned CYP name=CYP92A77; source contains names/annotations only,,plants-Citrus.clementina.P450s.xlsx,3b8d94ae02ea9733e8db640058af2b6522610becfb9933da66046fa690a091e3,Citrus clementina CYP71 clan,18,sequence-missing
plants,Citrus clementina,CYP71AS1,Ccl-CYP71B10-Ciclev10031247m,citrus-clementina:Citrus clementina CYP71 clan:0019,https://drnelson.uthsc.edu/Citrus.clementina.P450s.xlsx,Workbook sheet Citrus clementina CYP71 clan row 19; gene ID=Ccl-CYP71B10-Ciclev10031247m; assigned CYP name=CYP71AS1; source contains names/annotations only,,plants-Citrus.clementina.P450s.xlsx,3b8d94ae02ea9733e8db640058af2b6522610becfb9933da66046fa690a091e3,Citrus clementina CYP71 clan,19,sequence-missing
plants,Citrus clementina,CYP92A81,Ccl-CYP71B11-Ciclev10025378m,citrus-clementina:Citrus clementina CYP71 clan:0020,https://drnelson.uthsc.edu/Citrus.clementina.P450s.xlsx,Workbook sheet Citrus clementina CYP71 clan row 20; gene ID=Ccl-CYP71B11-Ciclev10025378m; assigned CYP name=CYP92A81; source contains names/annotations only,,plants-Citrus.clementina.P450s.xlsx,3b8d94ae02ea9733e8db640058af2b6522610becfb9933da66046fa690a091e3,Citrus clementina CYP71 clan,20,sequence-missing
plants,Citrus clementina,CYP71BE38,Ccl-CYP71B13-Ciclev10010637m.1,citrus-clementina:Citrus clementina CYP71 clan:0021,https://drnelson.uthsc.edu/Citrus.clementina.P450s.xlsx,Workbook sheet Citrus clementina CYP71 clan row 21; gene ID=Ccl-CYP71B13-Ciclev10010637m.1; assigned CYP name=CYP71BE38; source contains names/annotations only,,plants-Citrus.clementina.P450s.xlsx,3b8d94ae02ea9733e8db640058af2b6522610becfb9933da66046fa690a091e3,Citrus clementina CYP71 clan,21,sequence-missing
plants,Citrus clementina,CYP71BE47P,Ccl-CYP71B13-Ciclev10010637m.2,citrus-clementina:Citrus clementina CYP71 clan:0022,https://drnelson.uthsc.edu/Citrus.clementina.P450s.xlsx,Workbook sheet Citrus clementina CYP71 clan row 22; gene ID=Ccl-CYP71B13-Ciclev10010637m.2; assigned CYP name=CYP71BE47P; source contains names/annotations only,,plants-Citrus.clementina.P450s.xlsx,3b8d94ae02ea9733e8db640058af2b6522610becfb9933da66046fa690a091e3,Citrus clementina CYP71 clan,22,sequence-missing
plants,Citrus clementina,CYP71BE48P,Ccl-CYP71B13-Ciclev10010637m.3,citrus-clementina:Citrus clementina CYP71 clan:0023,https://drnelson.uthsc.edu/Citrus.clementina.P450s.xlsx,Workbook sheet Citrus clementina CYP71 clan row 23; gene ID=Ccl-CYP71B13-Ciclev10010637m.3; assigned CYP name=CYP71BE48P; source contains names/annotations only,,plants-Citrus.clementina.P450s.xlsx,3b8d94ae02ea9733e8db640058af2b6522610becfb9933da66046fa690a091e3,Citrus clementina CYP71 clan,23,sequence-missing
plants,Citrus clementina,CYP92A88,Ccl-CYP71B14-Ciclev10031266m,citrus-clementina:Citrus clementina CYP71 clan:0024,https://drnelson.uthsc.edu/Citrus.clementina.P450s.xlsx,Workbook sheet Citrus clementina CYP71 clan row 24; gene ID=Ccl-CYP71B14-Ciclev10031266m; assigned CYP name=CYP92A88; source contains names/annotations only,,plants-Citrus.clementina.P450s.xlsx,3b8d94ae02ea9733e8db640058af2b6522610becfb9933da66046fa690a091e3,Citrus clementina CYP71 clan,24,sequence-missing
plants,Citrus clementina,CYP92A87,Ccl-CYP71B15-Ciclev10025396m,citrus-clementina:Citrus clementina CYP71 clan:0025,https://drnelson.uthsc.edu/Citrus.clementina.P450s.xlsx,Workbook sheet Citrus clementina CYP71 clan row 25; gene ID=Ccl-CYP71B15-Ciclev10025396m; assigned CYP name=CYP92A87; source contains names/annotations only,,plants-Citrus.clementina.P450s.xlsx,3b8d94ae02ea9733e8db640058af2b6522610becfb9933da66046fa690a091e3,Citrus clementina CYP71 clan,25,sequence-missing
plants,Citrus clementina,CYP92A82,Ccl-CYP71B16-Ciclev10025417m,citrus-clementina:Citrus clementina CYP71 clan:0026,https://drnelson.uthsc.edu/Citrus.clementina.P450s.xlsx,Workbook sheet Citrus clementina CYP71 clan row 26; gene ID=Ccl-CYP71B16-Ciclev10025417m; assigned CYP name=CYP92A82; source contains names/annotations only,,plants-Citrus.clementina.P450s.xlsx,3b8d94ae02ea9733e8db640058af2b6522610becfb9933da66046fa690a091e3,Citrus clementina CYP71 clan,26,sequence-missing
plants,Citrus clementina,CYP736A124,Ccl-CYP71B17-Ciclev10027549m,citrus-clementina:Citrus clementina CYP71 clan:0027,https://drnelson.uthsc.edu/Citrus.clementina.P450s.xlsx,Workbook sheet Citrus clementina CYP71 clan row 27; gene ID=Ccl-CYP71B17-Ciclev10027549m; assigned CYP name=CYP736A124; source contains names/annotations only,,plants-Citrus.clementina.P450s.xlsx,3b8d94ae02ea9733e8db640058af2b6522610becfb9933da66046fa690a091e3,Citrus clementina CYP71 clan,27,sequence-missing
plants,Citrus clementina,CYP92A84,Ccl-CYP71B18-Ciclev10008392m,citrus-clementina:Citrus clementina CYP71 clan:0028,https://drnelson.uthsc.edu/Citrus.clementina.P450s.xlsx,Workbook sheet Citrus clementina CYP71 clan row 28; gene ID=Ccl-CYP71B18-Ciclev10008392m; assigned CYP name=CYP92A84; source contains names/annotations only,,plants-Citrus.clementina.P450s.xlsx,3b8d94ae02ea9733e8db640058af2b6522610becfb9933da66046fa690a091e3,Citrus clementina CYP71 clan,28,sequence-missing
plants,Citrus clementina,CYP92A79,Ccl-CYP71B19-Ciclev10025377m,citrus-clementina:Citrus clementina CYP71 clan:0029,https://drnelson.uthsc.edu/Citrus.clementina.P450s.xlsx,Workbook sheet Citrus clementina CYP71 clan row 29; gene ID=Ccl-CYP71B19-Ciclev10025377m; assigned CYP name=CYP92A79; source contains names/annotations only,,plants-Citrus.clementina.P450s.xlsx,3b8d94ae02ea9733e8db640058af2b6522610becfb9933da66046fa690a091e3,Citrus clementina CYP71 clan,29,sequence-missing
plants,Citrus clementina,CYP92A85,Ccl-CYP71B2-Ciclev10025391m,citrus-clementina:Citrus clementina CYP71 clan:0030,https://drnelson.uthsc.edu/Citrus.clementina.P450s.xlsx,Workbook sheet Citrus clementina CYP71 clan row 30; gene ID=Ccl-CYP71B2-Ciclev10025391m; assigned CYP name=CYP92A85; source contains names/annotations only,,plants-Citrus.clementina.P450s.xlsx,3b8d94ae02ea9733e8db640058af2b6522610becfb9933da66046fa690a091e3,Citrus clementina CYP71 clan,30,sequence-missing
plants,Citrus clementina,CYP71BE44,Ccl-CYP71B23-Ciclev10010293m,citrus-clementina:Citrus clementina CYP71 clan:0031,https://drnelson.uthsc.edu/Citrus.clementina.P450s.xlsx,Workbook sheet Citrus clementina CYP71 clan row 31; gene ID=Ccl-CYP71B23-Ciclev10010293m; assigned CYP name=CYP71BE44; source contains names/annotations only,,plants-Citrus.clementina.P450s.xlsx,3b8d94ae02ea9733e8db640058af2b6522610becfb9933da66046fa690a091e3,Citrus clementina CYP71 clan,31,sequence-missing
plants,Citrus clementina,CYP71-un6,Ccl-CYP71B24-Ciclev10024573m,citrus-clementina:Citrus clementina CYP71 clan:0032,https://drnelson.uthsc.edu/Citrus.clementina.P450s.xlsx,Workbook sheet Citrus clementina CYP71 clan row 32; gene ID=Ccl-CYP71B24-Ciclev10024573m; assigned CYP name=CYP71-un6; source contains names/annotations only,,plants-Citrus.clementina.P450s.xlsx,3b8d94ae02ea9733e8db640058af2b6522610becfb9933da66046fa690a091e3,Citrus clementina CYP71 clan,32,sequence-missing
plants,Citrus clementina,CYP71BQ4,Ccl-CYP71B25-Ciclev10014947m,citrus-clementina:Citrus clementina CYP71 clan:0033,https://drnelson.uthsc.edu/Citrus.clementina.P450s.xlsx,Workbook sheet Citrus clementina CYP71 clan row 33; gene ID=Ccl-CYP71B25-Ciclev10014947m; assigned CYP name=CYP71BQ4; source contains names/annotations only,,plants-Citrus.clementina.P450s.xlsx,3b8d94ae02ea9733e8db640058af2b6522610becfb9933da66046fa690a091e3,Citrus clementina CYP71 clan,33,sequence-missing
plants,Citrus clementina,CYP71D415,Ccl-CYP71B27-Ciclev10008075m,citrus-clementina:Citrus clementina CYP71 clan:0034,https://drnelson.uthsc.edu/Citrus.clementina.P450s.xlsx,Workbook sheet Citrus clementina CYP71 clan row 34; gene ID=Ccl-CYP71B27-Ciclev10008075m; assigned CYP name=CYP71D415; source contains names/annotations only,,plants-Citrus.clementina.P450s.xlsx,3b8d94ae02ea9733e8db640058af2b6522610becfb9933da66046fa690a091e3,Citrus clementina CYP71 clan,34,sequence-missing
plants,Citrus clementina,CYP71AP15,Ccl-CYP71B30-Ciclev10023549m,citrus-clementina:Citrus clementina CYP71 clan:0035,https://drnelson.uthsc.edu/Citrus.clementina.P450s.xlsx,Workbook sheet Citrus clementina CYP71 clan row 35; gene ID=Ccl-CYP71B30-Ciclev10023549m; assigned CYP name=CYP71AP15; source contains names/annotations only,,plants-Citrus.clementina.P450s.xlsx,3b8d94ae02ea9733e8db640058af2b6522610becfb9933da66046fa690a091e3,Citrus clementina CYP71 clan,35,sequence-missing
plants,Citrus clementina,CYP92A83,Ccl-CYP71B28-Ciclev10025388m,citrus-clementina:Citrus clementina CYP71 clan:0036,https://drnelson.uthsc.edu/Citrus.clementina.P450s.xlsx,Workbook sheet Citrus clementina CYP71 clan row 36; gene ID=Ccl-CYP71B28-Ciclev10025388m; assigned CYP name=CYP92A83; source contains names/annotations only,,plants-Citrus.clementina.P450s.xlsx,3b8d94ae02ea9733e8db640058af2b6522610becfb9933da66046fa690a091e3,Citrus clementina CYP71 clan,36,sequence-missing
plants,Citrus clementina,CYP92A78,Ccl-CYP71B29-Ciclev10025408m,citrus-clementina:Citrus clementina CYP71 clan:0037,https://drnelson.uthsc.edu/Citrus.clementina.P450s.xlsx,Workbook sheet Citrus clementina CYP71 clan row 37; gene ID=Ccl-CYP71B29-Ciclev10025408m; assigned CYP name=CYP92A78; source contains names/annotations only,,plants-Citrus.clementina.P450s.xlsx,3b8d94ae02ea9733e8db640058af2b6522610becfb9933da66046fa690a091e3,Citrus clementina CYP71 clan,37,sequence-missing
plants,Citrus clementina,CYP71BE45,Ccl-CYP71B30P-Ciclev10004785m,citrus-clementina:Citrus clementina CYP71 clan:0038,https://drnelson.uthsc.edu/Citrus.clementina.P450s.xlsx,Workbook sheet Citrus clementina CYP71 clan row 38; gene ID=Ccl-CYP71B30P-Ciclev10004785m; assigned CYP name=CYP71BE45; source contains names/annotations only,,plants-Citrus.clementina.P450s.xlsx,3b8d94ae02ea9733e8db640058af2b6522610becfb9933da66046fa690a091e3,Citrus clementina CYP71 clan,38,sequence-missing
plants,Citrus clementina,CYP71BQ3,Ccl-CYP71B31-Ciclev10018142m,citrus-clementina:Citrus clementina CYP71 clan:0039,https://drnelson.uthsc.edu/Citrus.clementina.P450s.xlsx,Workbook sheet Citrus clementina CYP71 clan row 39; gene ID=Ccl-CYP71B31-Ciclev10018142m; assigned CYP name=CYP71BQ3; source contains names/annotations only,,plants-Citrus.clementina.P450s.xlsx,3b8d94ae02ea9733e8db640058af2b6522610becfb9933da66046fa690a091e3,Citrus clementina CYP71 clan,39,sequence-missing
plants,Citrus clementina,CYP71BE49,Ccl-CYP71B33-Ciclev10010406m,citrus-clementina:Citrus clementina CYP71 clan:0040,https://drnelson.uthsc.edu/Citrus.clementina.P450s.xlsx,Workbook sheet Citrus clementina CYP71 clan row 40; gene ID=Ccl-CYP71B33-Ciclev10010406m; assigned CYP name=CYP71BE49; source contains names/annotations only,,plants-Citrus.clementina.P450s.xlsx,3b8d94ae02ea9733e8db640058af2b6522610becfb9933da66046fa690a091e3,Citrus clementina CYP71 clan,40,sequence-missing
plants,Citrus clementina,CYP71BQ2,Ccl-CYP71B34-Ciclev10017726m,citrus-clementina:Citrus clementina CYP71 clan:0041,https://drnelson.uthsc.edu/Citrus.clementina.P450s.xlsx,Workbook sheet Citrus clementina CYP71 clan row 41; gene ID=Ccl-CYP71B34-Ciclev10017726m; assigned CYP name=CYP71BQ2; source contains names/annotations only,,plants-Citrus.clementina.P450s.xlsx,3b8d94ae02ea9733e8db640058af2b6522610becfb9933da66046fa690a091e3,Citrus clementina CYP71 clan,41,sequence-missing
plants,Citrus clementina,CYP71AS16,Ccl-CYP71B35-Ciclev10031269m,citrus-clementina:Citrus clementina CYP71 clan:0042,https://drnelson.uthsc.edu/Citrus.clementina.P450s.xlsx,Workbook sheet Citrus clementina CYP71 clan row 42; gene ID=Ccl-CYP71B35-Ciclev10031269m; assigned CYP name=CYP71AS16; source contains names/annotations only,,plants-Citrus.clementina.P450s.xlsx,3b8d94ae02ea9733e8db640058af2b6522610becfb9933da66046fa690a091e3,Citrus clementina CYP71 clan,42,sequence-missing
plants,Citrus clementina,CYP71BE39,Ccl-CYP71B36-Ciclev10008047m,citrus-clementina:Citrus clementina CYP71 clan:0043,https://drnelson.uthsc.edu/Citrus.clementina.P450s.xlsx,Workbook sheet Citrus clementina CYP71 clan row 43; gene ID=Ccl-CYP71B36-Ciclev10008047m; assigned CYP name=CYP71BE39; source contains names/annotations only,,plants-Citrus.clementina.P450s.xlsx,3b8d94ae02ea9733e8db640058af2b6522610becfb9933da66046fa690a091e3,Citrus clementina CYP71 clan,43,sequence-missing
plants,Citrus clementina,CYP92A86,Ccl-CYP71B3-Ciclev10025392m,citrus-clementina:Citrus clementina CYP71 clan:0044,https://drnelson.uthsc.edu/Citrus.clementina.P450s.xlsx,Workbook sheet Citrus clementina CYP71 clan row 44; gene ID=Ccl-CYP71B3-Ciclev10025392m; assigned CYP name=CYP92A86; source contains names/annotations only,,plants-Citrus.clementina.P450s.xlsx,3b8d94ae02ea9733e8db640058af2b6522610becfb9933da66046fa690a091e3,Citrus clementina CYP71 clan,44,sequence-missing
plants,Citrus clementina,CYP71AS15,Ccl-CYP71B37-Ciclev10033591m,citrus-clementina:Citrus clementina CYP71 clan:0045,https://drnelson.uthsc.edu/Citrus.clementina.P450s.xlsx,Workbook sheet Citrus clementina CYP71 clan row 45; gene ID=Ccl-CYP71B37-Ciclev10033591m; assigned CYP name=CYP71AS15; source contains names/annotations only,,plants-Citrus.clementina.P450s.xlsx,3b8d94ae02ea9733e8db640058af2b6522610becfb9933da66046fa690a091e3,Citrus clementina CYP71 clan,45,sequence-missing
plants,Citrus clementina,CYP71BE42,Ccl-CYP71B38-Ciclev10008076m,citrus-clementina:Citrus clementina CYP71 clan:0046,https://drnelson.uthsc.edu/Citrus.clementina.P450s.xlsx,Workbook sheet Citrus clementina CYP71 clan row 46; gene ID=Ccl-CYP71B38-Ciclev10008076m; assigned CYP name=CYP71BE42; source contains names/annotations only,,plants-Citrus.clementina.P450s.xlsx,3b8d94ae02ea9733e8db640058af2b6522610becfb9933da66046fa690a091e3,Citrus clementina CYP71 clan,46,sequence-missing
plants,Citrus clementina,CYP71BE40,Ccl-CYP71B6-Ciclev10008411m,citrus-clementina:Citrus clementina CYP71 clan:0047,https://drnelson.uthsc.edu/Citrus.clementina.P450s.xlsx,Workbook sheet Citrus clementina CYP71 clan row 47; gene ID=Ccl-CYP71B6-Ciclev10008411m; assigned CYP name=CYP71BE40; source contains names/annotations only,,plants-Citrus.clementina.P450s.xlsx,3b8d94ae02ea9733e8db640058af2b6522610becfb9933da66046fa690a091e3,Citrus clementina CYP71 clan,47,sequence-missing
plants,Citrus clementina,CYP71BE41,Ccl-CYP71C1-Ciclev10008073m,citrus-clementina:Citrus clementina CYP71 clan:0048,https://drnelson.uthsc.edu/Citrus.clementina.P450s.xlsx,Workbook sheet Citrus clementina CYP71 clan row 48; gene ID=Ccl-CYP71C1-Ciclev10008073m; assigned CYP name=CYP71BE41; source contains names/annotations only,,plants-Citrus.clementina.P450s.xlsx,3b8d94ae02ea9733e8db640058af2b6522610becfb9933da66046fa690a091e3,Citrus clementina CYP71 clan,48,sequence-missing
plants,Citrus clementina,CYP71BE46,Ccl-CYP71C2-Ciclev10031280m,citrus-clementina:Citrus clementina CYP71 clan:0049,https://drnelson.uthsc.edu/Citrus.clementina.P450s.xlsx,Workbook sheet Citrus clementina CYP71 clan row 49; gene ID=Ccl-CYP71C2-Ciclev10031280m; assigned CYP name=CYP71BE46; source contains names/annotations only,,plants-Citrus.clementina.P450s.xlsx,3b8d94ae02ea9733e8db640058af2b6522610becfb9933da66046fa690a091e3,Citrus clementina CYP71 clan,49,sequence-missing
plants,Citrus clementina,CYP71BG4,Ccl-CYP71C3-Ciclev10031102m,citrus-clementina:Citrus clementina CYP71 clan:0050,https://drnelson.uthsc.edu/Citrus.clementina.P450s.xlsx,Workbook sheet Citrus clementina CYP71 clan row 50; gene ID=Ccl-CYP71C3-Ciclev10031102m; assigned CYP name=CYP71BG4; source contains names/annotations only,,plants-Citrus.clementina.P450s.xlsx,3b8d94ae02ea9733e8db640058af2b6522610becfb9933da66046fa690a091e3,Citrus clementina CYP71 clan,50,sequence-missing
plants,Citrus clementina,CYP736A126,Ccl-CYP71C4-Ciclev10026966m,citrus-clementina:Citrus clementina CYP71 clan:0051,https://drnelson.uthsc.edu/Citrus.clementina.P450s.xlsx,Workbook sheet Citrus clementina CYP71 clan row 51; gene ID=Ccl-CYP71C4-Ciclev10026966m; assigned CYP name=CYP736A126; source contains names/annotations only,,plants-Citrus.clementina.P450s.xlsx,3b8d94ae02ea9733e8db640058af2b6522610becfb9933da66046fa690a091e3,Citrus clementina CYP71 clan,51,sequence-missing
plants,Citrus clementina,CYP71CD1,Ccl-CYP71C5-Ciclev10014951m,citrus-clementina:Citrus clementina CYP71 clan:0052,https://drnelson.uthsc.edu/Citrus.clementina.P450s.xlsx,Workbook sheet Citrus clementina CYP71 clan row 52; gene ID=Ccl-CYP71C5-Ciclev10014951m; assigned CYP name=CYP71CD1; source contains names/annotations only,,plants-Citrus.clementina.P450s.xlsx,3b8d94ae02ea9733e8db640058af2b6522610becfb9933da66046fa690a091e3,Citrus clementina CYP71 clan,52,sequence-missing
plants,Citrus clementina,CYP736A125,Ccl-CYP71C6-Ciclev10025445m,citrus-clementina:Citrus clementina CYP71 clan:0053,https://drnelson.uthsc.edu/Citrus.clementina.P450s.xlsx,Workbook sheet Citrus clementina CYP71 clan row 53; gene ID=Ccl-CYP71C6-Ciclev10025445m; assigned CYP name=CYP736A125; source contains names/annotations only,,plants-Citrus.clementina.P450s.xlsx,3b8d94ae02ea9733e8db640058af2b6522610becfb9933da66046fa690a091e3,Citrus clementina CYP71 clan,53,sequence-missing
plants,Citrus clementina,CYP71BG8,Ccl-CYP71C7-Ciclev10000866m,citrus-clementina:Citrus clementina CYP71 clan:0054,https://drnelson.uthsc.edu/Citrus.clementina.P450s.xlsx,Workbook sheet Citrus clementina CYP71 clan row 54; gene ID=Ccl-CYP71C7-Ciclev10000866m; assigned CYP name=CYP71BG8; source contains names/annotations only,,plants-Citrus.clementina.P450s.xlsx,3b8d94ae02ea9733e8db640058af2b6522610becfb9933da66046fa690a091e3,Citrus clementina CYP71 clan,54,sequence-missing
plants,Citrus clementina,CYP71D416,Ccl-CYP71D1-Ciclev10025671m,citrus-clementina:Citrus clementina CYP71 clan:0055,https://drnelson.uthsc.edu/Citrus.clementina.P450s.xlsx,Workbook sheet Citrus clementina CYP71 clan row 55; gene ID=Ccl-CYP71D1-Ciclev10025671m; assigned CYP name=CYP71D416; source contains names/annotations only,,plants-Citrus.clementina.P450s.xlsx,3b8d94ae02ea9733e8db640058af2b6522610becfb9933da66046fa690a091e3,Citrus clementina CYP71 clan,55,sequence-missing
plants,Citrus clementina,CYP92A89P,Ccl-CYP71D2-Ciclev10026999m,citrus-clementina:Citrus clementina CYP71 clan:0056,https://drnelson.uthsc.edu/Citrus.clementina.P450s.xlsx,Workbook sheet Citrus clementina CYP71 clan row 56; gene ID=Ccl-CYP71D2-Ciclev10026999m; assigned CYP name=CYP92A89P; source contains names/annotations only,,plants-Citrus.clementina.P450s.xlsx,3b8d94ae02ea9733e8db640058af2b6522610becfb9933da66046fa690a091e3,Citrus clementina CYP71 clan,56,sequence-missing
plants,Citrus clementina,CYP736A127,Ccl-CYP71D3-Ciclev10027567m,citrus-clementina:Citrus clementina CYP71 clan:0057,https://drnelson.uthsc.edu/Citrus.clementina.P450s.xlsx,Workbook sheet Citrus clementina CYP71 clan row 57; gene ID=Ccl-CYP71D3-Ciclev10027567m; assigned CYP name=CYP736A127; source contains names/annotations only,,plants-Citrus.clementina.P450s.xlsx,3b8d94ae02ea9733e8db640058af2b6522610becfb9933da66046fa690a091e3,Citrus clementina CYP71 clan,57,sequence-missing
plants,Citrus clementina,CYP73A37,Ccl-CYP73A5-Ciclev10000921m,citrus-clementina:Citrus clementina CYP71 clan:0058,https://drnelson.uthsc.edu/Citrus.clementina.P450s.xlsx,Workbook sheet Citrus clementina CYP71 clan row 58; gene ID=Ccl-CYP73A5-Ciclev10000921m; assigned CYP name=CYP73A37; source contains names/annotations only,,plants-Citrus.clementina.P450s.xlsx,3b8d94ae02ea9733e8db640058af2b6522610becfb9933da66046fa690a091e3,Citrus clementina CYP71 clan,58,sequence-missing
plants,Citrus clementina,CYP73A29,Ccl-CYP73A6-Ciclev10008125m,citrus-clementina:Citrus clementina CYP71 clan:0059,https://drnelson.uthsc.edu/Citrus.clementina.P450s.xlsx,Workbook sheet Citrus clementina CYP71 clan row 59; gene ID=Ccl-CYP73A6-Ciclev10008125m; assigned CYP name=CYP73A29; source contains names/annotations only,,plants-Citrus.clementina.P450s.xlsx,3b8d94ae02ea9733e8db640058af2b6522610becfb9933da66046fa690a091e3,Citrus clementina CYP71 clan,59,sequence-missing
plants,Citrus clementina,CYP75B81,Ccl-CYP75B1-Ciclev10019637m,citrus-clementina:Citrus clementina CYP71 clan:0060,https://drnelson.uthsc.edu/Citrus.clementina.P450s.xlsx,Workbook sheet Citrus clementina CYP71 clan row 60; gene ID=Ccl-CYP75B1-Ciclev10019637m; assigned CYP name=CYP75B81; source contains names/annotations only,,plants-Citrus.clementina.P450s.xlsx,3b8d94ae02ea9733e8db640058af2b6522610becfb9933da66046fa690a091e3,Citrus clementina CYP71 clan,60,sequence-missing
plants,Citrus clementina,CYP75A58,Ccl-CYP75B2-Ciclev10018289m,citrus-clementina:Citrus clementina CYP71 clan:0061,https://drnelson.uthsc.edu/Citrus.clementina.P450s.xlsx,Workbook sheet Citrus clementina CYP71 clan row 61; gene ID=Ccl-CYP75B2-Ciclev10018289m; assigned CYP name=CYP75A58; source contains names/annotations only,,plants-Citrus.clementina.P450s.xlsx,3b8d94ae02ea9733e8db640058af2b6522610becfb9933da66046fa690a091e3,Citrus clementina CYP71 clan,61,sequence-missing
plants,Citrus clementina,CYP76F64,Ccl-CYP76C1-Ciclev10028488m,citrus-clementina:Citrus clementina CYP71 clan:0062,https://drnelson.uthsc.edu/Citrus.clementina.P450s.xlsx,Workbook sheet Citrus clementina CYP71 clan row 62; gene ID=Ccl-CYP76C1-Ciclev10028488m; assigned CYP name=CYP76F64; source contains names/annotations only,,plants-Citrus.clementina.P450s.xlsx,3b8d94ae02ea9733e8db640058af2b6522610becfb9933da66046fa690a091e3,Citrus clementina CYP71 clan,62,sequence-missing
plants,Citrus clementina,CYP76F48,Ccl-CYP76C2-Ciclev10028239m,citrus-clementina:Citrus clementina CYP71 clan:0063,https://drnelson.uthsc.edu/Citrus.clementina.P450s.xlsx,Workbook sheet Citrus clementina CYP71 clan row 63; gene ID=Ccl-CYP76C2-Ciclev10028239m; assigned CYP name=CYP76F48; source contains names/annotations only,,plants-Citrus.clementina.P450s.xlsx,3b8d94ae02ea9733e8db640058af2b6522610becfb9933da66046fa690a091e3,Citrus clementina CYP71 clan,63,sequence-missing
plants,Citrus clementina,CYP76F53,Ccl-CYP76C3-Ciclev10019826m,citrus-clementina:Citrus clementina CYP71 clan:0064,https://drnelson.uthsc.edu/Citrus.clementina.P450s.xlsx,Workbook sheet Citrus clementina CYP71 clan row 64; gene ID=Ccl-CYP76C3-Ciclev10019826m; assigned CYP name=CYP76F53; source contains names/annotations only,,plants-Citrus.clementina.P450s.xlsx,3b8d94ae02ea9733e8db640058af2b6522610becfb9933da66046fa690a091e3,Citrus clementina CYP71 clan,64,sequence-missing
plants,Citrus clementina,CYP76F46,Ccl-CYP76C4-Ciclev10008095m,citrus-clementina:Citrus clementina CYP71 clan:0065,https://drnelson.uthsc.edu/Citrus.clementina.P450s.xlsx,Workbook sheet Citrus clementina CYP71 clan row 65; gene ID=Ccl-CYP76C4-Ciclev10008095m; assigned CYP name=CYP76F46; source contains names/annotations only,,plants-Citrus.clementina.P450s.xlsx,3b8d94ae02ea9733e8db640058af2b6522610becfb9933da66046fa690a091e3,Citrus clementina CYP71 clan,65,sequence-missing
plants,Citrus clementina,CYP76F59,Ccl-CYP76C5-Ciclev10028269m,citrus-clementina:Citrus clementina CYP71 clan:0066,https://drnelson.uthsc.edu/Citrus.clementina.P450s.xlsx,Workbook sheet Citrus clementina CYP71 clan row 66; gene ID=Ccl-CYP76C5-Ciclev10028269m; assigned CYP name=CYP76F59; source contains names/annotations only,,plants-Citrus.clementina.P450s.xlsx,3b8d94ae02ea9733e8db640058af2b6522610becfb9933da66046fa690a091e3,Citrus clementina CYP71 clan,66,sequence-missing
plants,Citrus clementina,CYP76F47,Ccl-CYP76C6-Ciclev10008099m,citrus-clementina:Citrus clementina CYP71 clan:0067,https://drnelson.uthsc.edu/Citrus.clementina.P450s.xlsx,Workbook sheet Citrus clementina CYP71 clan row 67; gene ID=Ccl-CYP76C6-Ciclev10008099m; assigned CYP name=CYP76F47; source contains names/annotations only,,plants-Citrus.clementina.P450s.xlsx,3b8d94ae02ea9733e8db640058af2b6522610becfb9933da66046fa690a091e3,Citrus clementina CYP71 clan,67,sequence-missing
plants,Citrus clementina,CYP76F60,Ccl-CYP76C7-Ciclev10028278m,citrus-clementina:Citrus clementina CYP71 clan:0068,https://drnelson.uthsc.edu/Citrus.clementina.P450s.xlsx,Workbook sheet Citrus clementina CYP71 clan row 68; gene ID=Ccl-CYP76C7-Ciclev10028278m; assigned CYP name=CYP76F60; source contains names/annotations only,,plants-Citrus.clementina.P450s.xlsx,3b8d94ae02ea9733e8db640058af2b6522610becfb9933da66046fa690a091e3,Citrus clementina CYP71 clan,68,sequence-missing
plants,Citrus clementina,CYP76F50,Ccl-CYP76D1-Ciclev10028276m,citrus-clementina:Citrus clementina CYP71 clan:0069,https://drnelson.uthsc.edu/Citrus.clementina.P450s.xlsx,Workbook sheet Citrus clementina CYP71 clan row 69; gene ID=Ccl-CYP76D1-Ciclev10028276m; assigned CYP name=CYP76F50; source contains names/annotations only,,plants-Citrus.clementina.P450s.xlsx,3b8d94ae02ea9733e8db640058af2b6522610becfb9933da66046fa690a091e3,Citrus clementina CYP71 clan,69,sequence-missing
plants,Citrus clementina,CYP76F68,Ccl-CYP76D2-Ciclev10028268m,citrus-clementina:Citrus clementina CYP71 clan:0070,https://drnelson.uthsc.edu/Citrus.clementina.P450s.xlsx,Workbook sheet Citrus clementina CYP71 clan row 70; gene ID=Ccl-CYP76D2-Ciclev10028268m; assigned CYP name=CYP76F68; source contains names/annotations only,,plants-Citrus.clementina.P450s.xlsx,3b8d94ae02ea9733e8db640058af2b6522610becfb9933da66046fa690a091e3,Citrus clementina CYP71 clan,70,sequence-missing
plants,Citrus clementina,CYP76F61,Ccl-CYP76D3-Ciclev10028257m,citrus-clementina:Citrus clementina CYP71 clan:0071,https://drnelson.uthsc.edu/Citrus.clementina.P450s.xlsx,Workbook sheet Citrus clementina CYP71 clan row 71; gene ID=Ccl-CYP76D3-Ciclev10028257m; assigned CYP name=CYP76F61; source contains names/annotations only,,plants-Citrus.clementina.P450s.xlsx,3b8d94ae02ea9733e8db640058af2b6522610becfb9933da66046fa690a091e3,Citrus clementina CYP71 clan,71,sequence-missing
plants,Citrus clementina,CYP76F49,Ccl-CYP76D4-Ciclev10028277m,citrus-clementina:Citrus clementina CYP71 clan:0072,https://drnelson.uthsc.edu/Citrus.clementina.P450s.xlsx,Workbook sheet Citrus clementina CYP71 clan row 72; gene ID=Ccl-CYP76D4-Ciclev10028277m; assigned CYP name=CYP76F49; source contains names/annotations only,,plants-Citrus.clementina.P450s.xlsx,3b8d94ae02ea9733e8db640058af2b6522610becfb9933da66046fa690a091e3,Citrus clementina CYP71 clan,72,sequence-missing
plants,Citrus clementina,CYP76F51,Ccl-CYP76D5-Ciclev10030448m,citrus-clementina:Citrus clementina CYP71 clan:0073,https://drnelson.uthsc.edu/Citrus.clementina.P450s.xlsx,Workbook sheet Citrus clementina CYP71 clan row 73; gene ID=Ccl-CYP76D5-Ciclev10030448m; assigned CYP name=CYP76F51; source contains names/annotations only,,plants-Citrus.clementina.P450s.xlsx,3b8d94ae02ea9733e8db640058af2b6522610becfb9933da66046fa690a091e3,Citrus clementina CYP71 clan,73,sequence-missing
plants,Citrus clementina,CYP76F65,Ccl-CYP76D6-Ciclev10019651m,citrus-clementina:Citrus clementina CYP71 clan:0074,https://drnelson.uthsc.edu/Citrus.clementina.P450s.xlsx,Workbook sheet Citrus clementina CYP71 clan row 74; gene ID=Ccl-CYP76D6-Ciclev10019651m; assigned CYP name=CYP76F65; source contains names/annotations only,,plants-Citrus.clementina.P450s.xlsx,3b8d94ae02ea9733e8db640058af2b6522610becfb9933da66046fa690a091e3,Citrus clementina CYP71 clan,74,sequence-missing
plants,Citrus clementina,CYP76F56,Ccl-CYP76D7-Ciclev10028273m,citrus-clementina:Citrus clementina CYP71 clan:0075,https://drnelson.uthsc.edu/Citrus.clementina.P450s.xlsx,Workbook sheet Citrus clementina CYP71 clan row 75; gene ID=Ccl-CYP76D7-Ciclev10028273m; assigned CYP name=CYP76F56; source contains names/annotations only,,plants-Citrus.clementina.P450s.xlsx,3b8d94ae02ea9733e8db640058af2b6522610becfb9933da66046fa690a091e3,Citrus clementina CYP71 clan,75,sequence-missing
plants,Citrus clementina,CYP76F69,Ccl-CYP76E1-Ciclev10030057m,citrus-clementina:Citrus clementina CYP71 clan:0076,https://drnelson.uthsc.edu/Citrus.clementina.P450s.xlsx,Workbook sheet Citrus clementina CYP71 clan row 76; gene ID=Ccl-CYP76E1-Ciclev10030057m; assigned CYP name=CYP76F69; source contains names/annotations only,,plants-Citrus.clementina.P450s.xlsx,3b8d94ae02ea9733e8db640058af2b6522610becfb9933da66046fa690a091e3,Citrus clementina CYP71 clan,76,sequence-missing
plants,Citrus clementina,CYP76F63,Ccl-CYP76E2-Ciclev10030225m,citrus-clementina:Citrus clementina CYP71 clan:0077,https://drnelson.uthsc.edu/Citrus.clementina.P450s.xlsx,Workbook sheet Citrus clementina CYP71 clan row 77; gene ID=Ccl-CYP76E2-Ciclev10030225m; assigned CYP name=CYP76F63; source contains names/annotations only,,plants-Citrus.clementina.P450s.xlsx,3b8d94ae02ea9733e8db640058af2b6522610becfb9933da66046fa690a091e3,Citrus clementina CYP71 clan,77,sequence-missing
plants,Citrus clementina,CYP76F57,Ccl-CYP76E4-Ciclev10028270m,citrus-clementina:Citrus clementina CYP71 clan:0078,https://drnelson.uthsc.edu/Citrus.clementina.P450s.xlsx,Workbook sheet Citrus clementina CYP71 clan row 78; gene ID=Ccl-CYP76E4-Ciclev10028270m; assigned CYP name=CYP76F57; source contains names/annotations only,,plants-Citrus.clementina.P450s.xlsx,3b8d94ae02ea9733e8db640058af2b6522610becfb9933da66046fa690a091e3,Citrus clementina CYP71 clan,78,sequence-missing
plants,Citrus clementina,CYP76F54,Ccl-CYP76E3-Ciclev10028275m,citrus-clementina:Citrus clementina CYP71 clan:0079,https://drnelson.uthsc.edu/Citrus.clementina.P450s.xlsx,Workbook sheet Citrus clementina CYP71 clan row 79; gene ID=Ccl-CYP76E3-Ciclev10028275m; assigned CYP name=CYP76F54; source contains names/annotations only,,plants-Citrus.clementina.P450s.xlsx,3b8d94ae02ea9733e8db640058af2b6522610becfb9933da66046fa690a091e3,Citrus clementina CYP71 clan,79,sequence-missing
plants,Citrus clementina,CYP76F66,Ccl-CYP76F1-Ciclev10030181m,citrus-clementina:Citrus clementina CYP71 clan:0080,https://drnelson.uthsc.edu/Citrus.clementina.P450s.xlsx,Workbook sheet Citrus clementina CYP71 clan row 80; gene ID=Ccl-CYP76F1-Ciclev10030181m; assigned CYP name=CYP76F66; source contains names/annotations only,,plants-Citrus.clementina.P450s.xlsx,3b8d94ae02ea9733e8db640058af2b6522610becfb9933da66046fa690a091e3,Citrus clementina CYP71 clan,80,sequence-missing
plants,Citrus clementina,CYP76F67P,Ccl-CYP76F2-Ciclev10003440m,citrus-clementina:Citrus clementina CYP71 clan:0081,https://drnelson.uthsc.edu/Citrus.clementina.P450s.xlsx,Workbook sheet Citrus clementina CYP71 clan row 81; gene ID=Ccl-CYP76F2-Ciclev10003440m; assigned CYP name=CYP76F67P; source contains names/annotations only,,plants-Citrus.clementina.P450s.xlsx,3b8d94ae02ea9733e8db640058af2b6522610becfb9933da66046fa690a091e3,Citrus clementina CYP71 clan,81,sequence-missing
plants,Citrus clementina,CYP76G17,Ccl-CYP76G1-Ciclev10033708m,citrus-clementina:Citrus clementina CYP71 clan:0082,https://drnelson.uthsc.edu/Citrus.clementina.P450s.xlsx,Workbook sheet Citrus clementina CYP71 clan row 82; gene ID=Ccl-CYP76G1-Ciclev10033708m; assigned CYP name=CYP76G17; source contains names/annotations only,,plants-Citrus.clementina.P450s.xlsx,3b8d94ae02ea9733e8db640058af2b6522610becfb9933da66046fa690a091e3,Citrus clementina CYP71 clan,82,sequence-missing
plants,Citrus clementina,CYP76A38,Ccl-CYP76G2-Ciclev10013315m,citrus-clementina:Citrus clementina CYP71 clan:0083,https://drnelson.uthsc.edu/Citrus.clementina.P450s.xlsx,Workbook sheet Citrus clementina CYP71 clan row 83; gene ID=Ccl-CYP76G2-Ciclev10013315m; assigned CYP name=CYP76A38; source contains names/annotations only,,plants-Citrus.clementina.P450s.xlsx,3b8d94ae02ea9733e8db640058af2b6522610becfb9933da66046fa690a091e3,Citrus clementina CYP71 clan,83,sequence-missing
plants,Citrus clementina,CYP76A37,Ccl-CYP76G3-Ciclev10011511m,citrus-clementina:Citrus clementina CYP71 clan:0084,https://drnelson.uthsc.edu/Citrus.clementina.P450s.xlsx,Workbook sheet Citrus clementina CYP71 clan row 84; gene ID=Ccl-CYP76G3-Ciclev10011511m; assigned CYP name=CYP76A37; source contains names/annotations only,,plants-Citrus.clementina.P450s.xlsx,3b8d94ae02ea9733e8db640058af2b6522610becfb9933da66046fa690a091e3,Citrus clementina CYP71 clan,84,sequence-missing
plants,Citrus clementina,CYP77A13,Ccl-CYP77A4-Ciclev10031286m,citrus-clementina:Citrus clementina CYP71 clan:0085,https://drnelson.uthsc.edu/Citrus.clementina.P450s.xlsx,Workbook sheet Citrus clementina CYP71 clan row 85; gene ID=Ccl-CYP77A4-Ciclev10031286m; assigned CYP name=CYP77A13; source contains names/annotations only,,plants-Citrus.clementina.P450s.xlsx,3b8d94ae02ea9733e8db640058af2b6522610becfb9933da66046fa690a091e3,Citrus clementina CYP71 clan,85,sequence-missing
plants,Citrus clementina,CYP77B19,Ccl-CYP77B1-Ciclev10014970m,citrus-clementina:Citrus clementina CYP71 clan:0086,https://drnelson.uthsc.edu/Citrus.clementina.P450s.xlsx,Workbook sheet Citrus clementina CYP71 clan row 86; gene ID=Ccl-CYP77B1-Ciclev10014970m; assigned CYP name=CYP77B19; source contains names/annotations only,,plants-Citrus.clementina.P450s.xlsx,3b8d94ae02ea9733e8db640058af2b6522610becfb9933da66046fa690a091e3,Citrus clementina CYP71 clan,86,sequence-missing
plants,Citrus clementina,CYP78A119,Ccl-CYP78A10-Ciclev10023859m,citrus-clementina:Citrus clementina CYP71 clan:0087,https://drnelson.uthsc.edu/Citrus.clementina.P450s.xlsx,Workbook sheet Citrus clementina CYP71 clan row 87; gene ID=Ccl-CYP78A10-Ciclev10023859m; assigned CYP name=CYP78A119; source contains names/annotations only,,plants-Citrus.clementina.P450s.xlsx,3b8d94ae02ea9733e8db640058af2b6522610becfb9933da66046fa690a091e3,Citrus clementina CYP71 clan,87,sequence-missing
plants,Citrus clementina,CYP78A120,Ccl-CYP78A4-Ciclev10031245m,citrus-clementina:Citrus clementina CYP71 clan:0088,https://drnelson.uthsc.edu/Citrus.clementina.P450s.xlsx,Workbook sheet Citrus clementina CYP71 clan row 88; gene ID=Ccl-CYP78A4-Ciclev10031245m; assigned CYP name=CYP78A120; source contains names/annotations only,,plants-Citrus.clementina.P450s.xlsx,3b8d94ae02ea9733e8db640058af2b6522610becfb9933da66046fa690a091e3,Citrus clementina CYP71 clan,88,sequence-missing
plants,Citrus clementina,CYP78A121,Ccl-CYP78A5-Ciclev10031237m,citrus-clementina:Citrus clementina CYP71 clan:0089,https://drnelson.uthsc.edu/Citrus.clementina.P450s.xlsx,Workbook sheet Citrus clementina CYP71 clan row 89; gene ID=Ccl-CYP78A5-Ciclev10031237m; assigned CYP name=CYP78A121; source contains names/annotations only,,plants-Citrus.clementina.P450s.xlsx,3b8d94ae02ea9733e8db640058af2b6522610becfb9933da66046fa690a091e3,Citrus clementina CYP71 clan,89,sequence-missing
plants,Citrus clementina,CYP78A118,Ccl-CYP78A6-Ciclev10019657m,citrus-clementina:Citrus clementina CYP71 clan:0090,https://drnelson.uthsc.edu/Citrus.clementina.P450s.xlsx,Workbook sheet Citrus clementina CYP71 clan row 90; gene ID=Ccl-CYP78A6-Ciclev10019657m; assigned CYP name=CYP78A118; source contains names/annotations only,,plants-Citrus.clementina.P450s.xlsx,3b8d94ae02ea9733e8db640058af2b6522610becfb9933da66046fa690a091e3,Citrus clementina CYP71 clan,90,sequence-missing
plants,Citrus clementina,CYP78A123,Ccl-CYP78A7-Ciclev10025343m,citrus-clementina:Citrus clementina CYP71 clan:0091,https://drnelson.uthsc.edu/Citrus.clementina.P450s.xlsx,Workbook sheet Citrus clementina CYP71 clan row 91; gene ID=Ccl-CYP78A7-Ciclev10025343m; assigned CYP name=CYP78A123; source contains names/annotations only,,plants-Citrus.clementina.P450s.xlsx,3b8d94ae02ea9733e8db640058af2b6522610becfb9933da66046fa690a091e3,Citrus clementina CYP71 clan,91,sequence-missing
plants,Citrus clementina,CYP79A78,Ccl-CYP78A8-Ciclev10000771m,citrus-clementina:Citrus clementina CYP71 clan:0092,https://drnelson.uthsc.edu/Citrus.clementina.P450s.xlsx,Workbook sheet Citrus clementina CYP71 clan row 92; gene ID=Ccl-CYP78A8-Ciclev10000771m; assigned CYP name=CYP79A78; source contains names/annotations only,,plants-Citrus.clementina.P450s.xlsx,3b8d94ae02ea9733e8db640058af2b6522610becfb9933da66046fa690a091e3,Citrus clementina CYP71 clan,92,sequence-missing
plants,Citrus clementina,CYP78A122,Ccl-CYP78A9-Ciclev10019326m,citrus-clementina:Citrus clementina CYP71 clan:0093,https://drnelson.uthsc.edu/Citrus.clementina.P450s.xlsx,Workbook sheet Citrus clementina CYP71 clan row 93; gene ID=Ccl-CYP78A9-Ciclev10019326m; assigned CYP name=CYP78A122; source contains names/annotations only,,plants-Citrus.clementina.P450s.xlsx,3b8d94ae02ea9733e8db640058af2b6522610becfb9933da66046fa690a091e3,Citrus clementina CYP71 clan,93,sequence-missing
plants,Citrus clementina,CYP79A74,Ccl-CYP79A2-Ciclev10031311m,citrus-clementina:Citrus clementina CYP71 clan:0094,https://drnelson.uthsc.edu/Citrus.clementina.P450s.xlsx,Workbook sheet Citrus clementina CYP71 clan row 94; gene ID=Ccl-CYP79A2-Ciclev10031311m; assigned CYP name=CYP79A74; source contains names/annotations only,,plants-Citrus.clementina.P450s.xlsx,3b8d94ae02ea9733e8db640058af2b6522610becfb9933da66046fa690a091e3,Citrus clementina CYP71 clan,94,sequence-missing
plants,Citrus clementina,CYP79A69,Ccl-CYP79A3-Ciclev10025240m,citrus-clementina:Citrus clementina CYP71 clan:0095,https://drnelson.uthsc.edu/Citrus.clementina.P450s.xlsx,Workbook sheet Citrus clementina CYP71 clan row 95; gene ID=Ccl-CYP79A3-Ciclev10025240m; assigned CYP name=CYP79A69; source contains names/annotations only,,plants-Citrus.clementina.P450s.xlsx,3b8d94ae02ea9733e8db640058af2b6522610becfb9933da66046fa690a091e3,Citrus clementina CYP71 clan,95,sequence-missing
plants,Citrus clementina,CYP79A70,Ccl-CYP79A3P-Ciclev10025237m,citrus-clementina:Citrus clementina CYP71 clan:0096,https://drnelson.uthsc.edu/Citrus.clementina.P450s.xlsx,Workbook sheet Citrus clementina CYP71 clan row 96; gene ID=Ccl-CYP79A3P-Ciclev10025237m; assigned CYP name=CYP79A70; source contains names/annotations only,,plants-Citrus.clementina.P450s.xlsx,3b8d94ae02ea9733e8db640058af2b6522610becfb9933da66046fa690a091e3,Citrus clementina CYP71 clan,96,sequence-missing
plants,Citrus clementina,CYP79A79,Ccl-CYP79B2-Ciclev10031307m,citrus-clementina:Citrus clementina CYP71 clan:0097,https://drnelson.uthsc.edu/Citrus.clementina.P450s.xlsx,Workbook sheet Citrus clementina CYP71 clan row 97; gene ID=Ccl-CYP79B2-Ciclev10031307m; assigned CYP name=CYP79A79; source contains names/annotations only,,plants-Citrus.clementina.P450s.xlsx,3b8d94ae02ea9733e8db640058af2b6522610becfb9933da66046fa690a091e3,Citrus clementina CYP71 clan,97,sequence-missing
plants,Citrus clementina,CYP79A73,Ccl-CYP79B3-Ciclev10031309m,citrus-clementina:Citrus clementina CYP71 clan:0098,https://drnelson.uthsc.edu/Citrus.clementina.P450s.xlsx,Workbook sheet Citrus clementina CYP71 clan row 98; gene ID=Ccl-CYP79B3-Ciclev10031309m; assigned CYP name=CYP79A73; source contains names/annotations only,,plants-Citrus.clementina.P450s.xlsx,3b8d94ae02ea9733e8db640058af2b6522610becfb9933da66046fa690a091e3,Citrus clementina CYP71 clan,98,sequence-missing
plants,Citrus clementina,CYP79A72,Ccl-CYP79C1-Ciclev10033385m,citrus-clementina:Citrus clementina CYP71 clan:0099,https://drnelson.uthsc.edu/Citrus.clementina.P450s.xlsx,Workbook sheet Citrus clementina CYP71 clan row 99; gene ID=Ccl-CYP79C1-Ciclev10033385m; assigned CYP name=CYP79A72; source contains names/annotations only,,plants-Citrus.clementina.P450s.xlsx,3b8d94ae02ea9733e8db640058af2b6522610becfb9933da66046fa690a091e3,Citrus clementina CYP71 clan,99,sequence-missing
plants,Citrus clementina,CYP79A77,Ccl-CYP79C2-Ciclev10031099m,citrus-clementina:Citrus clementina CYP71 clan:0100,https://drnelson.uthsc.edu/Citrus.clementina.P450s.xlsx,Workbook sheet Citrus clementina CYP71 clan row 100; gene ID=Ccl-CYP79C2-Ciclev10031099m; assigned CYP name=CYP79A77; source contains names/annotations only,,plants-Citrus.clementina.P450s.xlsx,3b8d94ae02ea9733e8db640058af2b6522610becfb9933da66046fa690a091e3,Citrus clementina CYP71 clan,100,sequence-missing
plants,Citrus clementina,CYP79A75,Ccl-CYP79F1-Ciclev10004690m,citrus-clementina:Citrus clementina CYP71 clan:0101,https://drnelson.uthsc.edu/Citrus.clementina.P450s.xlsx,Workbook sheet Citrus clementina CYP71 clan row 101; gene ID=Ccl-CYP79F1-Ciclev10004690m; assigned CYP name=CYP79A75; source contains names/annotations only,,plants-Citrus.clementina.P450s.xlsx,3b8d94ae02ea9733e8db640058af2b6522610becfb9933da66046fa690a091e3,Citrus clementina CYP71 clan,101,sequence-missing
plants,Citrus clementina,CYP79A71,Ccl-CYP79F2-Ciclev10013842m,citrus-clementina:Citrus clementina CYP71 clan:0102,https://drnelson.uthsc.edu/Citrus.clementina.P450s.xlsx,Workbook sheet Citrus clementina CYP71 clan row 102; gene ID=Ccl-CYP79F2-Ciclev10013842m; assigned CYP name=CYP79A71; source contains names/annotations only,,plants-Citrus.clementina.P450s.xlsx,3b8d94ae02ea9733e8db640058af2b6522610becfb9933da66046fa690a091e3,Citrus clementina CYP71 clan,102,sequence-missing
plants,Citrus clementina,CYP81B63,Ccl-CYP81D2-Ciclev10000918m,citrus-clementina:Citrus clementina CYP71 clan:0103,https://drnelson.uthsc.edu/Citrus.clementina.P450s.xlsx,Workbook sheet Citrus clementina CYP71 clan row 103; gene ID=Ccl-CYP81D2-Ciclev10000918m; assigned CYP name=CYP81B63; source contains names/annotations only,,plants-Citrus.clementina.P450s.xlsx,3b8d94ae02ea9733e8db640058af2b6522610becfb9933da66046fa690a091e3,Citrus clementina CYP71 clan,103,sequence-missing
plants,Citrus clementina,CYP81Q45,Ccl-CYP81D6-Ciclev10027560m,citrus-clementina:Citrus clementina CYP71 clan:0104,https://drnelson.uthsc.edu/Citrus.clementina.P450s.xlsx,Workbook sheet Citrus clementina CYP71 clan row 104; gene ID=Ccl-CYP81D6-Ciclev10027560m; assigned CYP name=CYP81Q45; source contains names/annotations only,,plants-Citrus.clementina.P450s.xlsx,3b8d94ae02ea9733e8db640058af2b6522610becfb9933da66046fa690a091e3,Citrus clementina CYP71 clan,104,sequence-missing
plants,Citrus clementina,CYP81Q46,Ccl-CYP81D7-Ciclev10025370m,citrus-clementina:Citrus clementina CYP71 clan:0105,https://drnelson.uthsc.edu/Citrus.clementina.P450s.xlsx,Workbook sheet Citrus clementina CYP71 clan row 105; gene ID=Ccl-CYP81D7-Ciclev10025370m; assigned CYP name=CYP81Q46; source contains names/annotations only,,plants-Citrus.clementina.P450s.xlsx,3b8d94ae02ea9733e8db640058af2b6522610becfb9933da66046fa690a091e3,Citrus clementina CYP71 clan,105,sequence-missing
plants,Citrus clementina,CYP81Q44,Ccl-CYP81D8-Ciclev10025420m,citrus-clementina:Citrus clementina CYP71 clan:0106,https://drnelson.uthsc.edu/Citrus.clementina.P450s.xlsx,Workbook sheet Citrus clementina CYP71 clan row 106; gene ID=Ccl-CYP81D8-Ciclev10025420m; assigned CYP name=CYP81Q44; source contains names/annotations only,,plants-Citrus.clementina.P450s.xlsx,3b8d94ae02ea9733e8db640058af2b6522610becfb9933da66046fa690a091e3,Citrus clementina CYP71 clan,106,sequence-missing
plants,Citrus clementina,CYP81AE1,Ccl-CYP81F1-Ciclev10000967m,citrus-clementina:Citrus clementina CYP71 clan:0107,https://drnelson.uthsc.edu/Citrus.clementina.P450s.xlsx,Workbook sheet Citrus clementina CYP71 clan row 107; gene ID=Ccl-CYP81F1-Ciclev10000967m; assigned CYP name=CYP81AE1; source contains names/annotations only,,plants-Citrus.clementina.P450s.xlsx,3b8d94ae02ea9733e8db640058af2b6522610becfb9933da66046fa690a091e3,Citrus clementina CYP71 clan,107,sequence-missing
plants,Citrus clementina,CYP81B66,Ccl-CYP81F2-Ciclev10008060m,citrus-clementina:Citrus clementina CYP71 clan:0108,https://drnelson.uthsc.edu/Citrus.clementina.P450s.xlsx,Workbook sheet Citrus clementina CYP71 clan row 108; gene ID=Ccl-CYP81F2-Ciclev10008060m; assigned CYP name=CYP81B66; source contains names/annotations only,,plants-Citrus.clementina.P450s.xlsx,3b8d94ae02ea9733e8db640058af2b6522610becfb9933da66046fa690a091e3,Citrus clementina CYP71 clan,108,sequence-missing
plants,Citrus clementina,CYP81B65,Ccl-CYP81F3-Ciclev10000926m,citrus-clementina:Citrus clementina CYP71 clan:0109,https://drnelson.uthsc.edu/Citrus.clementina.P450s.xlsx,Workbook sheet Citrus clementina CYP71 clan row 109; gene ID=Ccl-CYP81F3-Ciclev10000926m; assigned CYP name=CYP81B65; source contains names/annotations only,,plants-Citrus.clementina.P450s.xlsx,3b8d94ae02ea9733e8db640058af2b6522610becfb9933da66046fa690a091e3,Citrus clementina CYP71 clan,109,sequence-missing
plants,Citrus clementina,CYP81B67,Ccl-CYP81G1-Ciclev10000934m,citrus-clementina:Citrus clementina CYP71 clan:0110,https://drnelson.uthsc.edu/Citrus.clementina.P450s.xlsx,Workbook sheet Citrus clementina CYP71 clan row 110; gene ID=Ccl-CYP81G1-Ciclev10000934m; assigned CYP name=CYP81B67; source contains names/annotations only,,plants-Citrus.clementina.P450s.xlsx,3b8d94ae02ea9733e8db640058af2b6522610becfb9933da66046fa690a091e3,Citrus clementina CYP71 clan,110,sequence-missing
plants,Citrus clementina,CYP81C17,Ccl-CYP81K1-Ciclev10000895m,citrus-clementina:Citrus clementina CYP71 clan:0111,https://drnelson.uthsc.edu/Citrus.clementina.P450s.xlsx,Workbook sheet Citrus clementina CYP71 clan row 111; gene ID=Ccl-CYP81K1-Ciclev10000895m; assigned CYP name=CYP81C17; source contains names/annotations only,,plants-Citrus.clementina.P450s.xlsx,3b8d94ae02ea9733e8db640058af2b6522610becfb9933da66046fa690a091e3,Citrus clementina CYP71 clan,111,sequence-missing
plants,Citrus clementina,CYP82D85,Ccl-CYP82C10-Ciclev10031216m,citrus-clementina:Citrus clementina CYP71 clan:0112,https://drnelson.uthsc.edu/Citrus.clementina.P450s.xlsx,Workbook sheet Citrus clementina CYP71 clan row 112; gene ID=Ccl-CYP82C10-Ciclev10031216m; assigned CYP name=CYP82D85; source contains names/annotations only,,plants-Citrus.clementina.P450s.xlsx,3b8d94ae02ea9733e8db640058af2b6522610becfb9933da66046fa690a091e3,Citrus clementina CYP71 clan,112,sequence-missing
plants,Citrus clementina,CYP82D91,Ccl-CYP82C11-Ciclev10031217m,citrus-clementina:Citrus clementina CYP71 clan:0113,https://drnelson.uthsc.edu/Citrus.clementina.P450s.xlsx,Workbook sheet Citrus clementina CYP71 clan row 113; gene ID=Ccl-CYP82C11-Ciclev10031217m; assigned CYP name=CYP82D91; source contains names/annotations only,,plants-Citrus.clementina.P450s.xlsx,3b8d94ae02ea9733e8db640058af2b6522610becfb9933da66046fa690a091e3,Citrus clementina CYP71 clan,113,sequence-missing
plants,Citrus clementina,CYP82D86,Ccl-CYP82C12-Ciclev10033457m,citrus-clementina:Citrus clementina CYP71 clan:0114,https://drnelson.uthsc.edu/Citrus.clementina.P450s.xlsx,Workbook sheet Citrus clementina CYP71 clan row 114; gene ID=Ccl-CYP82C12-Ciclev10033457m; assigned CYP name=CYP82D86; source contains names/annotations only,,plants-Citrus.clementina.P450s.xlsx,3b8d94ae02ea9733e8db640058af2b6522610becfb9933da66046fa690a091e3,Citrus clementina CYP71 clan,114,sequence-missing
plants,Citrus clementina,CYP82D84,Ccl-CYP82C2-Ciclev10000852m,citrus-clementina:Citrus clementina CYP71 clan:0115,https://drnelson.uthsc.edu/Citrus.clementina.P450s.xlsx,Workbook sheet Citrus clementina CYP71 clan row 115; gene ID=Ccl-CYP82C2-Ciclev10000852m; assigned CYP name=CYP82D84; source contains names/annotations only,,plants-Citrus.clementina.P450s.xlsx,3b8d94ae02ea9733e8db640058af2b6522610becfb9933da66046fa690a091e3,Citrus clementina CYP71 clan,115,sequence-missing
plants,Citrus clementina,CYP82D75,Ccl-CYP82C3-Ciclev10026027m,citrus-clementina:Citrus clementina CYP71 clan:0116,https://drnelson.uthsc.edu/Citrus.clementina.P450s.xlsx,Workbook sheet Citrus clementina CYP71 clan row 116; gene ID=Ccl-CYP82C3-Ciclev10026027m; assigned CYP name=CYP82D75; source contains names/annotations only,,plants-Citrus.clementina.P450s.xlsx,3b8d94ae02ea9733e8db640058af2b6522610becfb9933da66046fa690a091e3,Citrus clementina CYP71 clan,116,sequence-missing
plants,Citrus clementina,CYP82C47,Ccl-CYP82C4-Ciclev10003803m,citrus-clementina:Citrus clementina CYP71 clan:0117,https://drnelson.uthsc.edu/Citrus.clementina.P450s.xlsx,Workbook sheet Citrus clementina CYP71 clan row 117; gene ID=Ccl-CYP82C4-Ciclev10003803m; assigned CYP name=CYP82C47; source contains names/annotations only,,plants-Citrus.clementina.P450s.xlsx,3b8d94ae02ea9733e8db640058af2b6522610becfb9933da66046fa690a091e3,Citrus clementina CYP71 clan,117,sequence-missing
plants,Citrus clementina,CYP82D64,Ccl-CYP82C5-Ciclev10025349m,citrus-clementina:Citrus clementina CYP71 clan:0118,https://drnelson.uthsc.edu/Citrus.clementina.P450s.xlsx,Workbook sheet Citrus clementina CYP71 clan row 118; gene ID=Ccl-CYP82C5-Ciclev10025349m; assigned CYP name=CYP82D64; source contains names/annotations only,,plants-Citrus.clementina.P450s.xlsx,3b8d94ae02ea9733e8db640058af2b6522610becfb9933da66046fa690a091e3,Citrus clementina CYP71 clan,118,sequence-missing
plants,Citrus clementina,CYP82D77,Ccl-CYP82C6-Ciclev10003405m,citrus-clementina:Citrus clementina CYP71 clan:0119,https://drnelson.uthsc.edu/Citrus.clementina.P450s.xlsx,Workbook sheet Citrus clementina CYP71 clan row 119; gene ID=Ccl-CYP82C6-Ciclev10003405m; assigned CYP name=CYP82D77; source contains names/annotations only,,plants-Citrus.clementina.P450s.xlsx,3b8d94ae02ea9733e8db640058af2b6522610becfb9933da66046fa690a091e3,Citrus clementina CYP71 clan,119,sequence-missing
plants,Citrus clementina,CYP82C46,Ccl-CYP82C8-Ciclev10028201m,citrus-clementina:Citrus clementina CYP71 clan:0120,https://drnelson.uthsc.edu/Citrus.clementina.P450s.xlsx,Workbook sheet Citrus clementina CYP71 clan row 120; gene ID=Ccl-CYP82C8-Ciclev10028201m; assigned CYP name=CYP82C46; source contains names/annotations only,,plants-Citrus.clementina.P450s.xlsx,3b8d94ae02ea9733e8db640058af2b6522610becfb9933da66046fa690a091e3,Citrus clementina CYP71 clan,120,sequence-missing
plants,Citrus clementina,CYP82C49,Ccl-CYP82E2-Ciclev10030016m,citrus-clementina:Citrus clementina CYP71 clan:0121,https://drnelson.uthsc.edu/Citrus.clementina.P450s.xlsx,Workbook sheet Citrus clementina CYP71 clan row 121; gene ID=Ccl-CYP82E2-Ciclev10030016m; assigned CYP name=CYP82C49; source contains names/annotations only,,plants-Citrus.clementina.P450s.xlsx,3b8d94ae02ea9733e8db640058af2b6522610becfb9933da66046fa690a091e3,Citrus clementina CYP71 clan,121,sequence-missing
plants,Citrus clementina,CYP82D87,Ccl-CYP82C9-Ciclev10031215m,citrus-clementina:Citrus clementina CYP71 clan:0122,https://drnelson.uthsc.edu/Citrus.clementina.P450s.xlsx,Workbook sheet Citrus clementina CYP71 clan row 122; gene ID=Ccl-CYP82C9-Ciclev10031215m; assigned CYP name=CYP82D87; source contains names/annotations only,,plants-Citrus.clementina.P450s.xlsx,3b8d94ae02ea9733e8db640058af2b6522610becfb9933da66046fa690a091e3,Citrus clementina CYP71 clan,122,sequence-missing
plants,Citrus clementina,CYP82D79,Ccl-CYP82D1-Ciclev10001118m,citrus-clementina:Citrus clementina CYP71 clan:0123,https://drnelson.uthsc.edu/Citrus.clementina.P450s.xlsx,Workbook sheet Citrus clementina CYP71 clan row 123; gene ID=Ccl-CYP82D1-Ciclev10001118m; assigned CYP name=CYP82D79; source contains names/annotations only,,plants-Citrus.clementina.P450s.xlsx,3b8d94ae02ea9733e8db640058af2b6522610becfb9933da66046fa690a091e3,Citrus clementina CYP71 clan,123,sequence-missing
plants,Citrus clementina,CYP82D78,Ccl-CYP82D2-Ciclev10000844m,citrus-clementina:Citrus clementina CYP71 clan:0124,https://drnelson.uthsc.edu/Citrus.clementina.P450s.xlsx,Workbook sheet Citrus clementina CYP71 clan row 124; gene ID=Ccl-CYP82D2-Ciclev10000844m; assigned CYP name=CYP82D78; source contains names/annotations only,,plants-Citrus.clementina.P450s.xlsx,3b8d94ae02ea9733e8db640058af2b6522610becfb9933da66046fa690a091e3,Citrus clementina CYP71 clan,124,sequence-missing
plants,Citrus clementina,CYP82D73,Ccl-CYP82D3-Ciclev10027089m,citrus-clementina:Citrus clementina CYP71 clan:0125,https://drnelson.uthsc.edu/Citrus.clementina.P450s.xlsx,Workbook sheet Citrus clementina CYP71 clan row 125; gene ID=Ccl-CYP82D3-Ciclev10027089m; assigned CYP name=CYP82D73; source contains names/annotations only,,plants-Citrus.clementina.P450s.xlsx,3b8d94ae02ea9733e8db640058af2b6522610becfb9933da66046fa690a091e3,Citrus clementina CYP71 clan,125,sequence-missing
plants,Citrus clementina,CYP82D74,Ccl-CYP82D4-Ciclev10027210m,citrus-clementina:Citrus clementina CYP71 clan:0126,https://drnelson.uthsc.edu/Citrus.clementina.P450s.xlsx,Workbook sheet Citrus clementina CYP71 clan row 126; gene ID=Ccl-CYP82D4-Ciclev10027210m; assigned CYP name=CYP82D74; source contains names/annotations only,,plants-Citrus.clementina.P450s.xlsx,3b8d94ae02ea9733e8db640058af2b6522610becfb9933da66046fa690a091e3,Citrus clementina CYP71 clan,126,sequence-missing
plants,Citrus clementina,CYP82D92,Ccl-CYP82D5-Ciclev10000846m,citrus-clementina:Citrus clementina CYP71 clan:0127,https://drnelson.uthsc.edu/Citrus.clementina.P450s.xlsx,Workbook sheet Citrus clementina CYP71 clan row 127; gene ID=Ccl-CYP82D5-Ciclev10000846m; assigned CYP name=CYP82D92; source contains names/annotations only,,plants-Citrus.clementina.P450s.xlsx,3b8d94ae02ea9733e8db640058af2b6522610becfb9933da66046fa690a091e3,Citrus clementina CYP71 clan,127,sequence-missing
plants,Citrus clementina,CYP82D93,Ccl-CYP82D6-Ciclev10003589m,citrus-clementina:Citrus clementina CYP71 clan:0128,https://drnelson.uthsc.edu/Citrus.clementina.P450s.xlsx,Workbook sheet Citrus clementina CYP71 clan row 128; gene ID=Ccl-CYP82D6-Ciclev10003589m; assigned CYP name=CYP82D93; source contains names/annotations only,,plants-Citrus.clementina.P450s.xlsx,3b8d94ae02ea9733e8db640058af2b6522610becfb9933da66046fa690a091e3,Citrus clementina CYP71 clan,128,sequence-missing
plants,Citrus clementina,CYP82D82,Ccl-CYP82D7-Ciclev10000809m,citrus-clementina:Citrus clementina CYP71 clan:0129,https://drnelson.uthsc.edu/Citrus.clementina.P450s.xlsx,Workbook sheet Citrus clementina CYP71 clan row 129; gene ID=Ccl-CYP82D7-Ciclev10000809m; assigned CYP name=CYP82D82; source contains names/annotations only,,plants-Citrus.clementina.P450s.xlsx,3b8d94ae02ea9733e8db640058af2b6522610becfb9933da66046fa690a091e3,Citrus clementina CYP71 clan,129,sequence-missing
plants,Citrus clementina,CYP82C48,Ccl-CYP82E1-Ciclev10030381m,citrus-clementina:Citrus clementina CYP71 clan:0130,https://drnelson.uthsc.edu/Citrus.clementina.P450s.xlsx,Workbook sheet Citrus clementina CYP71 clan row 130; gene ID=Ccl-CYP82E1-Ciclev10030381m; assigned CYP name=CYP82C48; source contains names/annotations only,,plants-Citrus.clementina.P450s.xlsx,3b8d94ae02ea9733e8db640058af2b6522610becfb9933da66046fa690a091e3,Citrus clementina CYP71 clan,130,sequence-missing
plants,Citrus clementina,CYP82D83,Ccl-CYP82F1-Ciclev10000845m,citrus-clementina:Citrus clementina CYP71 clan:0131,https://drnelson.uthsc.edu/Citrus.clementina.P450s.xlsx,Workbook sheet Citrus clementina CYP71 clan row 131; gene ID=Ccl-CYP82F1-Ciclev10000845m; assigned CYP name=CYP82D83; source contains names/annotations only,,plants-Citrus.clementina.P450s.xlsx,3b8d94ae02ea9733e8db640058af2b6522610becfb9933da66046fa690a091e3,Citrus clementina CYP71 clan,131,sequence-missing
plants,Citrus clementina,CYP82D81,Ccl-CYP82F2-Ciclev10000851m,citrus-clementina:Citrus clementina CYP71 clan:0132,https://drnelson.uthsc.edu/Citrus.clementina.P450s.xlsx,Workbook sheet Citrus clementina CYP71 clan row 132; gene ID=Ccl-CYP82F2-Ciclev10000851m; assigned CYP name=CYP82D81; source contains names/annotations only,,plants-Citrus.clementina.P450s.xlsx,3b8d94ae02ea9733e8db640058af2b6522610becfb9933da66046fa690a091e3,Citrus clementina CYP71 clan,132,sequence-missing
plants,Citrus clementina,CYP82D90,Ccl-CYP82F3-Ciclev10031875m,citrus-clementina:Citrus clementina CYP71 clan:0133,https://drnelson.uthsc.edu/Citrus.clementina.P450s.xlsx,Workbook sheet Citrus clementina CYP71 clan row 133; gene ID=Ccl-CYP82F3-Ciclev10031875m; assigned CYP name=CYP82D90; source contains names/annotations only,,plants-Citrus.clementina.P450s.xlsx,3b8d94ae02ea9733e8db640058af2b6522610becfb9933da66046fa690a091e3,Citrus clementina CYP71 clan,133,sequence-missing
plants,Citrus clementina,CYP82D72,Ccl-CYP82F4-Ciclev10027086m,citrus-clementina:Citrus clementina CYP71 clan:0134,https://drnelson.uthsc.edu/Citrus.clementina.P450s.xlsx,Workbook sheet Citrus clementina CYP71 clan row 134; gene ID=Ccl-CYP82F4-Ciclev10027086m; assigned CYP name=CYP82D72; source contains names/annotations only,,plants-Citrus.clementina.P450s.xlsx,3b8d94ae02ea9733e8db640058af2b6522610becfb9933da66046fa690a091e3,Citrus clementina CYP71 clan,134,sequence-missing
plants,Citrus clementina,CYP82D76,Ccl-CYP82F5-Ciclev10001614m,citrus-clementina:Citrus clementina CYP71 clan:0135,https://drnelson.uthsc.edu/Citrus.clementina.P450s.xlsx,Workbook sheet Citrus clementina CYP71 clan row 135; gene ID=Ccl-CYP82F5-Ciclev10001614m; assigned CYP name=CYP82D76; source contains names/annotations only,,plants-Citrus.clementina.P450s.xlsx,3b8d94ae02ea9733e8db640058af2b6522610becfb9933da66046fa690a091e3,Citrus clementina CYP71 clan,135,sequence-missing
plants,Citrus clementina,CYP82D89,Ccl-CYP82F6-Ciclev10031635m,citrus-clementina:Citrus clementina CYP71 clan:0136,https://drnelson.uthsc.edu/Citrus.clementina.P450s.xlsx,Workbook sheet Citrus clementina CYP71 clan row 136; gene ID=Ccl-CYP82F6-Ciclev10031635m; assigned CYP name=CYP82D89; source contains names/annotations only,,plants-Citrus.clementina.P450s.xlsx,3b8d94ae02ea9733e8db640058af2b6522610becfb9933da66046fa690a091e3,Citrus clementina CYP71 clan,136,sequence-missing
plants,Citrus clementina,CYP82D88,Ccl-CYP82F7-Ciclev10003959m,citrus-clementina:Citrus clementina CYP71 clan:0137,https://drnelson.uthsc.edu/Citrus.clementina.P450s.xlsx,Workbook sheet Citrus clementina CYP71 clan row 137; gene ID=Ccl-CYP82F7-Ciclev10003959m; assigned CYP name=CYP82D88; source contains names/annotations only,,plants-Citrus.clementina.P450s.xlsx,3b8d94ae02ea9733e8db640058af2b6522610becfb9933da66046fa690a091e3,Citrus clementina CYP71 clan,137,sequence-missing
plants,Citrus clementina,CYP82L10,Ccl-CYP82G1-Ciclev10019706m,citrus-clementina:Citrus clementina CYP71 clan:0138,https://drnelson.uthsc.edu/Citrus.clementina.P450s.xlsx,Workbook sheet Citrus clementina CYP71 clan row 138; gene ID=Ccl-CYP82G1-Ciclev10019706m; assigned CYP name=CYP82L10; source contains names/annotations only,,plants-Citrus.clementina.P450s.xlsx,3b8d94ae02ea9733e8db640058af2b6522610becfb9933da66046fa690a091e3,Citrus clementina CYP71 clan,138,sequence-missing
plants,Citrus clementina,CYP82L11,Ccl-CYP82G2-Ciclev10019727m,citrus-clementina:Citrus clementina CYP71 clan:0139,https://drnelson.uthsc.edu/Citrus.clementina.P450s.xlsx,Workbook sheet Citrus clementina CYP71 clan row 139; gene ID=Ccl-CYP82G2-Ciclev10019727m; assigned CYP name=CYP82L11; source contains names/annotations only,,plants-Citrus.clementina.P450s.xlsx,3b8d94ae02ea9733e8db640058af2b6522610becfb9933da66046fa690a091e3,Citrus clementina CYP71 clan,139,sequence-missing
plants,Citrus clementina,CYP83F29,Ccl-CYP83A1-Ciclev10027422m,citrus-clementina:Citrus clementina CYP71 clan:0140,https://drnelson.uthsc.edu/Citrus.clementina.P450s.xlsx,Workbook sheet Citrus clementina CYP71 clan row 140; gene ID=Ccl-CYP83A1-Ciclev10027422m; assigned CYP name=CYP83F29; source contains names/annotations only,,plants-Citrus.clementina.P450s.xlsx,3b8d94ae02ea9733e8db640058af2b6522610becfb9933da66046fa690a091e3,Citrus clementina CYP71 clan,140,sequence-missing
plants,Citrus clementina,CYP83F13,Ccl-CYP83A10-Ciclev10018098m,citrus-clementina:Citrus clementina CYP71 clan:0141,https://drnelson.uthsc.edu/Citrus.clementina.P450s.xlsx,Workbook sheet Citrus clementina CYP71 clan row 141; gene ID=Ccl-CYP83A10-Ciclev10018098m; assigned CYP name=CYP83F13; source contains names/annotations only,,plants-Citrus.clementina.P450s.xlsx,3b8d94ae02ea9733e8db640058af2b6522610becfb9933da66046fa690a091e3,Citrus clementina CYP71 clan,141,sequence-missing
plants,Citrus clementina,CYP83F30,Ccl-CYP83A2-Ciclev10025429m,citrus-clementina:Citrus clementina CYP71 clan:0142,https://drnelson.uthsc.edu/Citrus.clementina.P450s.xlsx,Workbook sheet Citrus clementina CYP71 clan row 142; gene ID=Ccl-CYP83A2-Ciclev10025429m; assigned CYP name=CYP83F30; source contains names/annotations only,,plants-Citrus.clementina.P450s.xlsx,3b8d94ae02ea9733e8db640058af2b6522610becfb9933da66046fa690a091e3,Citrus clementina CYP71 clan,142,sequence-missing
plants,Citrus clementina,CYP83F20,Ccl-CYP83A3-Ciclev10025431m,citrus-clementina:Citrus clementina CYP71 clan:0143,https://drnelson.uthsc.edu/Citrus.clementina.P450s.xlsx,Workbook sheet Citrus clementina CYP71 clan row 143; gene ID=Ccl-CYP83A3-Ciclev10025431m; assigned CYP name=CYP83F20; source contains names/annotations only,,plants-Citrus.clementina.P450s.xlsx,3b8d94ae02ea9733e8db640058af2b6522610becfb9933da66046fa690a091e3,Citrus clementina CYP71 clan,143,sequence-missing
plants,Citrus clementina,CYP83F31,Ccl-CYP83A4-Ciclev10014976m,citrus-clementina:Citrus clementina CYP71 clan:0144,https://drnelson.uthsc.edu/Citrus.clementina.P450s.xlsx,Workbook sheet Citrus clementina CYP71 clan row 144; gene ID=Ccl-CYP83A4-Ciclev10014976m; assigned CYP name=CYP83F31; source contains names/annotations only,,plants-Citrus.clementina.P450s.xlsx,3b8d94ae02ea9733e8db640058af2b6522610becfb9933da66046fa690a091e3,Citrus clementina CYP71 clan,144,sequence-missing
plants,Citrus clementina,CYP83F15,Ccl-CYP83A5-Ciclev10018297m,citrus-clementina:Citrus clementina CYP71 clan:0145,https://drnelson.uthsc.edu/Citrus.clementina.P450s.xlsx,Workbook sheet Citrus clementina CYP71 clan row 145; gene ID=Ccl-CYP83A5-Ciclev10018297m; assigned CYP name=CYP83F15; source contains names/annotations only,,plants-Citrus.clementina.P450s.xlsx,3b8d94ae02ea9733e8db640058af2b6522610becfb9933da66046fa690a091e3,Citrus clementina CYP71 clan,145,sequence-missing
plants,Citrus clementina,CYP83F32,Ccl-CYP83A6-Ciclev10017485m,citrus-clementina:Citrus clementina CYP71 clan:0146,https://drnelson.uthsc.edu/Citrus.clementina.P450s.xlsx,Workbook sheet Citrus clementina CYP71 clan row 146; gene ID=Ccl-CYP83A6-Ciclev10017485m; assigned CYP name=CYP83F32; source contains names/annotations only,,plants-Citrus.clementina.P450s.xlsx,3b8d94ae02ea9733e8db640058af2b6522610becfb9933da66046fa690a091e3,Citrus clementina CYP71 clan,146,sequence-missing
plants,Citrus clementina,CYP83F14,Ccl-CYP83A7-Ciclev10017465m,citrus-clementina:Citrus clementina CYP71 clan:0147,https://drnelson.uthsc.edu/Citrus.clementina.P450s.xlsx,Workbook sheet Citrus clementina CYP71 clan row 147; gene ID=Ccl-CYP83A7-Ciclev10017465m; assigned CYP name=CYP83F14; source contains names/annotations only,,plants-Citrus.clementina.P450s.xlsx,3b8d94ae02ea9733e8db640058af2b6522610becfb9933da66046fa690a091e3,Citrus clementina CYP71 clan,147,sequence-missing
plants,Citrus clementina,CYP83F34,Ccl-CYP83A8-Ciclev10014967m,citrus-clementina:Citrus clementina CYP71 clan:0148,https://drnelson.uthsc.edu/Citrus.clementina.P450s.xlsx,Workbook sheet Citrus clementina CYP71 clan row 148; gene ID=Ccl-CYP83A8-Ciclev10014967m; assigned CYP name=CYP83F34; source contains names/annotations only,,plants-Citrus.clementina.P450s.xlsx,3b8d94ae02ea9733e8db640058af2b6522610becfb9933da66046fa690a091e3,Citrus clementina CYP71 clan,148,sequence-missing
plants,Citrus clementina,CYP83F33,Ccl-CYP83A9-Ciclev10018318m,citrus-clementina:Citrus clementina CYP71 clan:0149,https://drnelson.uthsc.edu/Citrus.clementina.P450s.xlsx,Workbook sheet Citrus clementina CYP71 clan row 149; gene ID=Ccl-CYP83A9-Ciclev10018318m; assigned CYP name=CYP83F33; source contains names/annotations only,,plants-Citrus.clementina.P450s.xlsx,3b8d94ae02ea9733e8db640058af2b6522610becfb9933da66046fa690a091e3,Citrus clementina CYP71 clan,149,sequence-missing
plants,Citrus clementina,CYP83F27P,Ccl-CYP83B1-Ciclev10004104m,citrus-clementina:Citrus clementina CYP71 clan:0150,https://drnelson.uthsc.edu/Citrus.clementina.P450s.xlsx,Workbook sheet Citrus clementina CYP71 clan row 150; gene ID=Ccl-CYP83B1-Ciclev10004104m; assigned CYP name=CYP83F27P; source contains names/annotations only,,plants-Citrus.clementina.P450s.xlsx,3b8d94ae02ea9733e8db640058af2b6522610becfb9933da66046fa690a091e3,Citrus clementina CYP71 clan,150,sequence-missing
plants,Citrus clementina,CYP83F24,Ccl-CYP83B10-Ciclev10000924m,citrus-clementina:Citrus clementina CYP71 clan:0151,https://drnelson.uthsc.edu/Citrus.clementina.P450s.xlsx,Workbook sheet Citrus clementina CYP71 clan row 151; gene ID=Ccl-CYP83B10-Ciclev10000924m; assigned CYP name=CYP83F24; source contains names/annotations only,,plants-Citrus.clementina.P450s.xlsx,3b8d94ae02ea9733e8db640058af2b6522610becfb9933da66046fa690a091e3,Citrus clementina CYP71 clan,151,sequence-missing
plants,Citrus clementina,CYP83F36,Ccl-CYP83B11-Ciclev10019775m,citrus-clementina:Citrus clementina CYP71 clan:0152,https://drnelson.uthsc.edu/Citrus.clementina.P450s.xlsx,Workbook sheet Citrus clementina CYP71 clan row 152; gene ID=Ccl-CYP83B11-Ciclev10019775m; assigned CYP name=CYP83F36; source contains names/annotations only,,plants-Citrus.clementina.P450s.xlsx,3b8d94ae02ea9733e8db640058af2b6522610becfb9933da66046fa690a091e3,Citrus clementina CYP71 clan,152,sequence-missing
plants,Citrus clementina,CYP83F22,Ccl-CYP83B12-Ciclev10000886m,citrus-clementina:Citrus clementina CYP71 clan:0153,https://drnelson.uthsc.edu/Citrus.clementina.P450s.xlsx,Workbook sheet Citrus clementina CYP71 clan row 153; gene ID=Ccl-CYP83B12-Ciclev10000886m; assigned CYP name=CYP83F22; source contains names/annotations only,,plants-Citrus.clementina.P450s.xlsx,3b8d94ae02ea9733e8db640058af2b6522610becfb9933da66046fa690a091e3,Citrus clementina CYP71 clan,153,sequence-missing
plants,Citrus clementina,CYP83F37,Ccl-CYP83B2-Ciclev10004106m,citrus-clementina:Citrus clementina CYP71 clan:0154,https://drnelson.uthsc.edu/Citrus.clementina.P450s.xlsx,Workbook sheet Citrus clementina CYP71 clan row 154; gene ID=Ccl-CYP83B2-Ciclev10004106m; assigned CYP name=CYP83F37; source contains names/annotations only,,plants-Citrus.clementina.P450s.xlsx,3b8d94ae02ea9733e8db640058af2b6522610becfb9933da66046fa690a091e3,Citrus clementina CYP71 clan,154,sequence-missing
plants,Citrus clementina,CYP83F39,Ccl-CYP83B3-Ciclev10004103m,citrus-clementina:Citrus clementina CYP71 clan:0155,https://drnelson.uthsc.edu/Citrus.clementina.P450s.xlsx,Workbook sheet Citrus clementina CYP71 clan row 155; gene ID=Ccl-CYP83B3-Ciclev10004103m; assigned CYP name=CYP83F39; source contains names/annotations only,,plants-Citrus.clementina.P450s.xlsx,3b8d94ae02ea9733e8db640058af2b6522610becfb9933da66046fa690a091e3,Citrus clementina CYP71 clan,155,sequence-missing
plants,Citrus clementina,CYP83F26,Ccl-CYP83B4-Ciclev10004105m,citrus-clementina:Citrus clementina CYP71 clan:0156,https://drnelson.uthsc.edu/Citrus.clementina.P450s.xlsx,Workbook sheet Citrus clementina CYP71 clan row 156; gene ID=Ccl-CYP83B4-Ciclev10004105m; assigned CYP name=CYP83F26; source contains names/annotations only,,plants-Citrus.clementina.P450s.xlsx,3b8d94ae02ea9733e8db640058af2b6522610becfb9933da66046fa690a091e3,Citrus clementina CYP71 clan,156,sequence-missing
plants,Citrus clementina,CYP83F40,Ccl-CYP83B5-Ciclev10023683m,citrus-clementina:Citrus clementina CYP71 clan:0157,https://drnelson.uthsc.edu/Citrus.clementina.P450s.xlsx,Workbook sheet Citrus clementina CYP71 clan row 157; gene ID=Ccl-CYP83B5-Ciclev10023683m; assigned CYP name=CYP83F40; source contains names/annotations only,,plants-Citrus.clementina.P450s.xlsx,3b8d94ae02ea9733e8db640058af2b6522610becfb9933da66046fa690a091e3,Citrus clementina CYP71 clan,157,sequence-missing
plants,Citrus clementina,CYP83F38,Ccl-CYP83B6-Ciclev10019709m,citrus-clementina:Citrus clementina CYP71 clan:0158,https://drnelson.uthsc.edu/Citrus.clementina.P450s.xlsx,Workbook sheet Citrus clementina CYP71 clan row 158; gene ID=Ccl-CYP83B6-Ciclev10019709m; assigned CYP name=CYP83F38; source contains names/annotations only,,plants-Citrus.clementina.P450s.xlsx,3b8d94ae02ea9733e8db640058af2b6522610becfb9933da66046fa690a091e3,Citrus clementina CYP71 clan,158,sequence-missing
plants,Citrus clementina,CYP83F21,Ccl-CYP83B7-Ciclev10027382m,citrus-clementina:Citrus clementina CYP71 clan:0159,https://drnelson.uthsc.edu/Citrus.clementina.P450s.xlsx,Workbook sheet Citrus clementina CYP71 clan row 159; gene ID=Ccl-CYP83B7-Ciclev10027382m; assigned CYP name=CYP83F21; source contains names/annotations only,,plants-Citrus.clementina.P450s.xlsx,3b8d94ae02ea9733e8db640058af2b6522610becfb9933da66046fa690a091e3,Citrus clementina CYP71 clan,159,sequence-missing
plants,Citrus clementina,CYP83F41,Ccl-CYP83B8-Ciclev10023966m,citrus-clementina:Citrus clementina CYP71 clan:0160,https://drnelson.uthsc.edu/Citrus.clementina.P450s.xlsx,Workbook sheet Citrus clementina CYP71 clan row 160; gene ID=Ccl-CYP83B8-Ciclev10023966m; assigned CYP name=CYP83F41; source contains names/annotations only,,plants-Citrus.clementina.P450s.xlsx,3b8d94ae02ea9733e8db640058af2b6522610becfb9933da66046fa690a091e3,Citrus clementina CYP71 clan,160,sequence-missing
plants,Citrus clementina,CYP83F25,Ccl-CYP83B9-Ciclev10023326m,citrus-clementina:Citrus clementina CYP71 clan:0161,https://drnelson.uthsc.edu/Citrus.clementina.P450s.xlsx,Workbook sheet Citrus clementina CYP71 clan row 161; gene ID=Ccl-CYP83B9-Ciclev10023326m; assigned CYP name=CYP83F25; source contains names/annotations only,,plants-Citrus.clementina.P450s.xlsx,3b8d94ae02ea9733e8db640058af2b6522610becfb9933da66046fa690a091e3,Citrus clementina CYP71 clan,161,sequence-missing
plants,Citrus clementina,CYP83F42,Ccl-CYP83C1-Ciclev10018238m,citrus-clementina:Citrus clementina CYP71 clan:0162,https://drnelson.uthsc.edu/Citrus.clementina.P450s.xlsx,Workbook sheet Citrus clementina CYP71 clan row 162; gene ID=Ccl-CYP83C1-Ciclev10018238m; assigned CYP name=CYP83F42; source contains names/annotations only,,plants-Citrus.clementina.P450s.xlsx,3b8d94ae02ea9733e8db640058af2b6522610becfb9933da66046fa690a091e3,Citrus clementina CYP71 clan,162,sequence-missing
plants,Citrus clementina,CYP83F43P,Ccl-CYP83C2-Ciclev10023506m,citrus-clementina:Citrus clementina CYP71 clan:0163,https://drnelson.uthsc.edu/Citrus.clementina.P450s.xlsx,Workbook sheet Citrus clementina CYP71 clan row 163; gene ID=Ccl-CYP83C2-Ciclev10023506m; assigned CYP name=CYP83F43P; source contains names/annotations only,,plants-Citrus.clementina.P450s.xlsx,3b8d94ae02ea9733e8db640058af2b6522610becfb9933da66046fa690a091e3,Citrus clementina CYP71 clan,163,sequence-missing
plants,Citrus clementina,CYP83F35P,Ccl-CYP83C3-Ciclev10024431m,citrus-clementina:Citrus clementina CYP71 clan:0164,https://drnelson.uthsc.edu/Citrus.clementina.P450s.xlsx,Workbook sheet Citrus clementina CYP71 clan row 164; gene ID=Ccl-CYP83C3-Ciclev10024431m; assigned CYP name=CYP83F35P; source contains names/annotations only,,plants-Citrus.clementina.P450s.xlsx,3b8d94ae02ea9733e8db640058af2b6522610becfb9933da66046fa690a091e3,Citrus clementina CYP71 clan,164,sequence-missing
plants,Citrus clementina,CYP83F28P,Ccl-CYP83C4-Ciclev10023665m,citrus-clementina:Citrus clementina CYP71 clan:0165,https://drnelson.uthsc.edu/Citrus.clementina.P450s.xlsx,Workbook sheet Citrus clementina CYP71 clan row 165; gene ID=Ccl-CYP83C4-Ciclev10023665m; assigned CYP name=CYP83F28P; source contains names/annotations only,,plants-Citrus.clementina.P450s.xlsx,3b8d94ae02ea9733e8db640058af2b6522610becfb9933da66046fa690a091e3,Citrus clementina CYP71 clan,165,sequence-missing
plants,Citrus clementina,CYP84A62,Ccl-CYP84A1-Ciclev10025382m,citrus-clementina:Citrus clementina CYP71 clan:0166,https://drnelson.uthsc.edu/Citrus.clementina.P450s.xlsx,Workbook sheet Citrus clementina CYP71 clan row 166; gene ID=Ccl-CYP84A1-Ciclev10025382m; assigned CYP name=CYP84A62; source contains names/annotations only,,plants-Citrus.clementina.P450s.xlsx,3b8d94ae02ea9733e8db640058af2b6522610becfb9933da66046fa690a091e3,Citrus clementina CYP71 clan,166,sequence-missing
plants,Citrus clementina,CYP84A63,Ccl-CYP84A4-Ciclev10028122m,citrus-clementina:Citrus clementina CYP71 clan:0167,https://drnelson.uthsc.edu/Citrus.clementina.P450s.xlsx,Workbook sheet Citrus clementina CYP71 clan row 167; gene ID=Ccl-CYP84A4-Ciclev10028122m; assigned CYP name=CYP84A63; source contains names/annotations only,,plants-Citrus.clementina.P450s.xlsx,3b8d94ae02ea9733e8db640058af2b6522610becfb9933da66046fa690a091e3,Citrus clementina CYP71 clan,167,sequence-missing
plants,Citrus clementina,CYP89A121,Ccl-CYP89A2-Ciclev10031236m,citrus-clementina:Citrus clementina CYP71 clan:0168,https://drnelson.uthsc.edu/Citrus.clementina.P450s.xlsx,Workbook sheet Citrus clementina CYP71 clan row 168; gene ID=Ccl-CYP89A2-Ciclev10031236m; assigned CYP name=CYP89A121; source contains names/annotations only,,plants-Citrus.clementina.P450s.xlsx,3b8d94ae02ea9733e8db640058af2b6522610becfb9933da66046fa690a091e3,Citrus clementina CYP71 clan,168,sequence-missing
plants,Citrus clementina,CYP89A116,Ccl-CYP89A3-Ciclev10031193m,citrus-clementina:Citrus clementina CYP71 clan:0169,https://drnelson.uthsc.edu/Citrus.clementina.P450s.xlsx,Workbook sheet Citrus clementina CYP71 clan row 169; gene ID=Ccl-CYP89A3-Ciclev10031193m; assigned CYP name=CYP89A116; source contains names/annotations only,,plants-Citrus.clementina.P450s.xlsx,3b8d94ae02ea9733e8db640058af2b6522610becfb9933da66046fa690a091e3,Citrus clementina CYP71 clan,169,sequence-missing
plants,Citrus clementina,CYP89A120,Ccl-CYP89A4-Ciclev10033851m,citrus-clementina:Citrus clementina CYP71 clan:0170,https://drnelson.uthsc.edu/Citrus.clementina.P450s.xlsx,Workbook sheet Citrus clementina CYP71 clan row 170; gene ID=Ccl-CYP89A4-Ciclev10033851m; assigned CYP name=CYP89A120; source contains names/annotations only,,plants-Citrus.clementina.P450s.xlsx,3b8d94ae02ea9733e8db640058af2b6522610becfb9933da66046fa690a091e3,Citrus clementina CYP71 clan,170,sequence-missing
plants,Citrus clementina,CYP89A118,Ccl-CYP89A5-Ciclev10031268m,citrus-clementina:Citrus clementina CYP71 clan:0171,https://drnelson.uthsc.edu/Citrus.clementina.P450s.xlsx,Workbook sheet Citrus clementina CYP71 clan row 171; gene ID=Ccl-CYP89A5-Ciclev10031268m; assigned CYP name=CYP89A118; source contains names/annotations only,,plants-Citrus.clementina.P450s.xlsx,3b8d94ae02ea9733e8db640058af2b6522610becfb9933da66046fa690a091e3,Citrus clementina CYP71 clan,171,sequence-missing
plants,Citrus clementina,CYP89A117,Ccl-CYP89A6-Ciclev10033803m,citrus-clementina:Citrus clementina CYP71 clan:0172,https://drnelson.uthsc.edu/Citrus.clementina.P450s.xlsx,Workbook sheet Citrus clementina CYP71 clan row 172; gene ID=Ccl-CYP89A6-Ciclev10033803m; assigned CYP name=CYP89A117; source contains names/annotations only,,plants-Citrus.clementina.P450s.xlsx,3b8d94ae02ea9733e8db640058af2b6522610becfb9933da66046fa690a091e3,Citrus clementina CYP71 clan,172,sequence-missing
plants,Citrus clementina,CYP89A119,Ccl-CYP89A7-Ciclev10031272m,citrus-clementina:Citrus clementina CYP71 clan:0173,https://drnelson.uthsc.edu/Citrus.clementina.P450s.xlsx,Workbook sheet Citrus clementina CYP71 clan row 173; gene ID=Ccl-CYP89A7-Ciclev10031272m; assigned CYP name=CYP89A119; source contains names/annotations only,,plants-Citrus.clementina.P450s.xlsx,3b8d94ae02ea9733e8db640058af2b6522610becfb9933da66046fa690a091e3,Citrus clementina CYP71 clan,173,sequence-missing
plants,Citrus clementina,CYP89A123,Ccl-CYP89A9-Ciclev10003406m,citrus-clementina:Citrus clementina CYP71 clan:0174,https://drnelson.uthsc.edu/Citrus.clementina.P450s.xlsx,Workbook sheet Citrus clementina CYP71 clan row 174; gene ID=Ccl-CYP89A9-Ciclev10003406m; assigned CYP name=CYP89A123; source contains names/annotations only,,plants-Citrus.clementina.P450s.xlsx,3b8d94ae02ea9733e8db640058af2b6522610becfb9933da66046fa690a091e3,Citrus clementina CYP71 clan,174,sequence-missing
plants,Citrus clementina,CYP89L1,Ccl-CYP89B1-Ciclev10011479m,citrus-clementina:Citrus clementina CYP71 clan:0175,https://drnelson.uthsc.edu/Citrus.clementina.P450s.xlsx,Workbook sheet Citrus clementina CYP71 clan row 175; gene ID=Ccl-CYP89B1-Ciclev10011479m; assigned CYP name=CYP89L1; source contains names/annotations only,,plants-Citrus.clementina.P450s.xlsx,3b8d94ae02ea9733e8db640058af2b6522610becfb9933da66046fa690a091e3,Citrus clementina CYP71 clan,175,sequence-missing
plants,Citrus clementina,CYP93A65,Ccl-CYP93D1-Ciclev10033553m,citrus-clementina:Citrus clementina CYP71 clan:0176,https://drnelson.uthsc.edu/Citrus.clementina.P450s.xlsx,Workbook sheet Citrus clementina CYP71 clan row 176; gene ID=Ccl-CYP93D1-Ciclev10033553m; assigned CYP name=CYP93A65; source contains names/annotations only,,plants-Citrus.clementina.P450s.xlsx,3b8d94ae02ea9733e8db640058af2b6522610becfb9933da66046fa690a091e3,Citrus clementina CYP71 clan,176,sequence-missing
plants,Citrus clementina,CYP93A69,Ccl-CYP93D2-Ciclev10033811m,citrus-clementina:Citrus clementina CYP71 clan:0177,https://drnelson.uthsc.edu/Citrus.clementina.P450s.xlsx,Workbook sheet Citrus clementina CYP71 clan row 177; gene ID=Ccl-CYP93D2-Ciclev10033811m; assigned CYP name=CYP93A69; source contains names/annotations only,,plants-Citrus.clementina.P450s.xlsx,3b8d94ae02ea9733e8db640058af2b6522610becfb9933da66046fa690a091e3,Citrus clementina CYP71 clan,177,sequence-missing
plants,Citrus clementina,CYP93A70,Ccl-CYP93D3-Ciclev10033669m,citrus-clementina:Citrus clementina CYP71 clan:0178,https://drnelson.uthsc.edu/Citrus.clementina.P450s.xlsx,Workbook sheet Citrus clementina CYP71 clan row 178; gene ID=Ccl-CYP93D3-Ciclev10033669m; assigned CYP name=CYP93A70; source contains names/annotations only,,plants-Citrus.clementina.P450s.xlsx,3b8d94ae02ea9733e8db640058af2b6522610becfb9933da66046fa690a091e3,Citrus clementina CYP71 clan,178,sequence-missing
plants,Citrus clementina,CYP93A66,Ccl-CYP93D4-Ciclev10033441m,citrus-clementina:Citrus clementina CYP71 clan:0179,https://drnelson.uthsc.edu/Citrus.clementina.P450s.xlsx,Workbook sheet Citrus clementina CYP71 clan row 179; gene ID=Ccl-CYP93D4-Ciclev10033441m; assigned CYP name=CYP93A66; source contains names/annotations only,,plants-Citrus.clementina.P450s.xlsx,3b8d94ae02ea9733e8db640058af2b6522610becfb9933da66046fa690a091e3,Citrus clementina CYP71 clan,179,sequence-missing
plants,Citrus clementina,CYP93A68,Ccl-CYP93D5-Ciclev10033322m,citrus-clementina:Citrus clementina CYP71 clan:0180,https://drnelson.uthsc.edu/Citrus.clementina.P450s.xlsx,Workbook sheet Citrus clementina CYP71 clan row 180; gene ID=Ccl-CYP93D5-Ciclev10033322m; assigned CYP name=CYP93A68; source contains names/annotations only,,plants-Citrus.clementina.P450s.xlsx,3b8d94ae02ea9733e8db640058af2b6522610becfb9933da66046fa690a091e3,Citrus clementina CYP71 clan,180,sequence-missing
plants,Citrus clementina,CYP93A67,Ccl-CYP93D6-Ciclev10033949m,citrus-clementina:Citrus clementina CYP71 clan:0181,https://drnelson.uthsc.edu/Citrus.clementina.P450s.xlsx,Workbook sheet Citrus clementina CYP71 clan row 181; gene ID=Ccl-CYP93D6-Ciclev10033949m; assigned CYP name=CYP93A67; source contains names/annotations only,,plants-Citrus.clementina.P450s.xlsx,3b8d94ae02ea9733e8db640058af2b6522610becfb9933da66046fa690a091e3,Citrus clementina CYP71 clan,181,sequence-missing
plants,Citrus clementina,CYP93B27,Ccl-CYP93E1-Ciclev10019811m,citrus-clementina:Citrus clementina CYP71 clan:0182,https://drnelson.uthsc.edu/Citrus.clementina.P450s.xlsx,Workbook sheet Citrus clementina CYP71 clan row 182; gene ID=Ccl-CYP93E1-Ciclev10019811m; assigned CYP name=CYP93B27; source contains names/annotations only,,plants-Citrus.clementina.P450s.xlsx,3b8d94ae02ea9733e8db640058af2b6522610becfb9933da66046fa690a091e3,Citrus clementina CYP71 clan,182,sequence-missing
plants,Citrus clementina,CYP93B26,Ccl-CYP93E2-Ciclev10019810m,citrus-clementina:Citrus clementina CYP71 clan:0183,https://drnelson.uthsc.edu/Citrus.clementina.P450s.xlsx,Workbook sheet Citrus clementina CYP71 clan row 183; gene ID=Ccl-CYP93E2-Ciclev10019810m; assigned CYP name=CYP93B26; source contains names/annotations only,,plants-Citrus.clementina.P450s.xlsx,3b8d94ae02ea9733e8db640058af2b6522610becfb9933da66046fa690a091e3,Citrus clementina CYP71 clan,183,sequence-missing
plants,Citrus clementina,CYP98A79,Ccl-CYP98A3-Ciclev10011520m,citrus-clementina:Citrus clementina CYP71 clan:0184,https://drnelson.uthsc.edu/Citrus.clementina.P450s.xlsx,Workbook sheet Citrus clementina CYP71 clan row 184; gene ID=Ccl-CYP98A3-Ciclev10011520m; assigned CYP name=CYP98A79; source contains names/annotations only,,plants-Citrus.clementina.P450s.xlsx,3b8d94ae02ea9733e8db640058af2b6522610becfb9933da66046fa690a091e3,Citrus clementina CYP71 clan,184,sequence-missing
plants,Citrus clementina,CYP98A80,Ccl-CYP98A8-Ciclev10019813m,citrus-clementina:Citrus clementina CYP71 clan:0185,https://drnelson.uthsc.edu/Citrus.clementina.P450s.xlsx,Workbook sheet Citrus clementina CYP71 clan row 185; gene ID=Ccl-CYP98A8-Ciclev10019813m; assigned CYP name=CYP98A80; source contains names/annotations only,,plants-Citrus.clementina.P450s.xlsx,3b8d94ae02ea9733e8db640058af2b6522610becfb9933da66046fa690a091e3,Citrus clementina CYP71 clan,185,sequence-missing
plants,Citrus clementina,CYP98A81,Ccl-CYP98A9-Ciclev10000848m,citrus-clementina:Citrus clementina CYP71 clan:0186,https://drnelson.uthsc.edu/Citrus.clementina.P450s.xlsx,Workbook sheet Citrus clementina CYP71 clan row 186; gene ID=Ccl-CYP98A9-Ciclev10000848m; assigned CYP name=CYP98A81; source contains names/annotations only,,plants-Citrus.clementina.P450s.xlsx,3b8d94ae02ea9733e8db640058af2b6522610becfb9933da66046fa690a091e3,Citrus clementina CYP71 clan,186,sequence-missing
plants,Citrus clementina,CYP701A42,Ccl-CYP701A3-Ciclev10000902m,citrus-clementina:Citrus clementina CYP71 clan:0187,https://drnelson.uthsc.edu/Citrus.clementina.P450s.xlsx,Workbook sheet Citrus clementina CYP71 clan row 187; gene ID=Ccl-CYP701A3-Ciclev10000902m; assigned CYP name=CYP701A42; source contains names/annotations only,,plants-Citrus.clementina.P450s.xlsx,3b8d94ae02ea9733e8db640058af2b6522610becfb9933da66046fa690a091e3,Citrus clementina CYP71 clan,187,sequence-missing
plants,Citrus clementina,CYP701A41,Ccl-CYP701A4-Ciclev10000884m,citrus-clementina:Citrus clementina CYP71 clan:0188,https://drnelson.uthsc.edu/Citrus.clementina.P450s.xlsx,Workbook sheet Citrus clementina CYP71 clan row 188; gene ID=Ccl-CYP701A4-Ciclev10000884m; assigned CYP name=CYP701A41; source contains names/annotations only,,plants-Citrus.clementina.P450s.xlsx,3b8d94ae02ea9733e8db640058af2b6522610becfb9933da66046fa690a091e3,Citrus clementina CYP71 clan,188,sequence-missing
plants,Citrus clementina,CYP703A20,Ccl-CYP703A2-Ciclev10023470m,citrus-clementina:Citrus clementina CYP71 clan:0189,https://drnelson.uthsc.edu/Citrus.clementina.P450s.xlsx,Workbook sheet Citrus clementina CYP71 clan row 189; gene ID=Ccl-CYP703A2-Ciclev10023470m; assigned CYP name=CYP703A20; source contains names/annotations only,,plants-Citrus.clementina.P450s.xlsx,3b8d94ae02ea9733e8db640058af2b6522610becfb9933da66046fa690a091e3,Citrus clementina CYP71 clan,189,sequence-missing
plants,Citrus clementina,CYP706B11,Ccl-CYP706A10-Ciclev10017722m,citrus-clementina:Citrus clementina CYP71 clan:0190,https://drnelson.uthsc.edu/Citrus.clementina.P450s.xlsx,Workbook sheet Citrus clementina CYP71 clan row 190; gene ID=Ccl-CYP706A10-Ciclev10017722m; assigned CYP name=CYP706B11; source contains names/annotations only,,plants-Citrus.clementina.P450s.xlsx,3b8d94ae02ea9733e8db640058af2b6522610becfb9933da66046fa690a091e3,Citrus clementina CYP71 clan,190,sequence-missing
plants,Citrus clementina,CYP706B10,Ccl-CYP706A11-Ciclev10014940m,citrus-clementina:Citrus clementina CYP71 clan:0191,https://drnelson.uthsc.edu/Citrus.clementina.P450s.xlsx,Workbook sheet Citrus clementina CYP71 clan row 191; gene ID=Ccl-CYP706A11-Ciclev10014940m; assigned CYP name=CYP706B10; source contains names/annotations only,,plants-Citrus.clementina.P450s.xlsx,3b8d94ae02ea9733e8db640058af2b6522610becfb9933da66046fa690a091e3,Citrus clementina CYP71 clan,191,sequence-missing
plants,Citrus clementina,CYP706B18,Ccl-CYP706A12-Ciclev10014863m,citrus-clementina:Citrus clementina CYP71 clan:0192,https://drnelson.uthsc.edu/Citrus.clementina.P450s.xlsx,Workbook sheet Citrus clementina CYP71 clan row 192; gene ID=Ccl-CYP706A12-Ciclev10014863m; assigned CYP name=CYP706B18; source contains names/annotations only,,plants-Citrus.clementina.P450s.xlsx,3b8d94ae02ea9733e8db640058af2b6522610becfb9933da66046fa690a091e3,Citrus clementina CYP71 clan,192,sequence-missing
plants,Citrus clementina,CYP706B15,Ccl-CYP706A13-Ciclev10014861m,citrus-clementina:Citrus clementina CYP71 clan:0193,https://drnelson.uthsc.edu/Citrus.clementina.P450s.xlsx,Workbook sheet Citrus clementina CYP71 clan row 193; gene ID=Ccl-CYP706A13-Ciclev10014861m; assigned CYP name=CYP706B15; source contains names/annotations only,,plants-Citrus.clementina.P450s.xlsx,3b8d94ae02ea9733e8db640058af2b6522610becfb9933da66046fa690a091e3,Citrus clementina CYP71 clan,193,sequence-missing
plants,Citrus clementina,CYP706B7,Ccl-CYP706A14-Ciclev10014858m,citrus-clementina:Citrus clementina CYP71 clan:0194,https://drnelson.uthsc.edu/Citrus.clementina.P450s.xlsx,Workbook sheet Citrus clementina CYP71 clan row 194; gene ID=Ccl-CYP706A14-Ciclev10014858m; assigned CYP name=CYP706B7; source contains names/annotations only,,plants-Citrus.clementina.P450s.xlsx,3b8d94ae02ea9733e8db640058af2b6522610becfb9933da66046fa690a091e3,Citrus clementina CYP71 clan,194,sequence-missing
plants,Citrus clementina,CYP706B9,Ccl-CYP706A15-Ciclev10017976m,citrus-clementina:Citrus clementina CYP71 clan:0195,https://drnelson.uthsc.edu/Citrus.clementina.P450s.xlsx,Workbook sheet Citrus clementina CYP71 clan row 195; gene ID=Ccl-CYP706A15-Ciclev10017976m; assigned CYP name=CYP706B9; source contains names/annotations only,,plants-Citrus.clementina.P450s.xlsx,3b8d94ae02ea9733e8db640058af2b6522610becfb9933da66046fa690a091e3,Citrus clementina CYP71 clan,195,sequence-missing
plants,Citrus clementina,CYP706D4,Ccl-CYP706A16-Ciclev10024099m,citrus-clementina:Citrus clementina CYP71 clan:0196,https://drnelson.uthsc.edu/Citrus.clementina.P450s.xlsx,Workbook sheet Citrus clementina CYP71 clan row 196; gene ID=Ccl-CYP706A16-Ciclev10024099m; assigned CYP name=CYP706D4; source contains names/annotations only,,plants-Citrus.clementina.P450s.xlsx,3b8d94ae02ea9733e8db640058af2b6522610becfb9933da66046fa690a091e3,Citrus clementina CYP71 clan,196,sequence-missing
plants,Citrus clementina,CYP706B16P,Ccl-CYP706A17-Ciclev10017469m,citrus-clementina:Citrus clementina CYP71 clan:0197,https://drnelson.uthsc.edu/Citrus.clementina.P450s.xlsx,Workbook sheet Citrus clementina CYP71 clan row 197; gene ID=Ccl-CYP706A17-Ciclev10017469m; assigned CYP name=CYP706B16P; source contains names/annotations only,,plants-Citrus.clementina.P450s.xlsx,3b8d94ae02ea9733e8db640058af2b6522610becfb9933da66046fa690a091e3,Citrus clementina CYP71 clan,197,sequence-missing
plants,Citrus clementina,CYP706C36,Ccl-CYP706A2-Ciclev10019693m,citrus-clementina:Citrus clementina CYP71 clan:0198,https://drnelson.uthsc.edu/Citrus.clementina.P450s.xlsx,Workbook sheet Citrus clementina CYP71 clan row 198; gene ID=Ccl-CYP706A2-Ciclev10019693m; assigned CYP name=CYP706C36; source contains names/annotations only,,plants-Citrus.clementina.P450s.xlsx,3b8d94ae02ea9733e8db640058af2b6522610becfb9933da66046fa690a091e3,Citrus clementina CYP71 clan,198,sequence-missing
plants,Citrus clementina,CYP706J10,Ccl-CYP706A3-Ciclev10004821m,citrus-clementina:Citrus clementina CYP71 clan:0199,https://drnelson.uthsc.edu/Citrus.clementina.P450s.xlsx,Workbook sheet Citrus clementina CYP71 clan row 199; gene ID=Ccl-CYP706A3-Ciclev10004821m; assigned CYP name=CYP706J10; source contains names/annotations only,,plants-Citrus.clementina.P450s.xlsx,3b8d94ae02ea9733e8db640058af2b6522610becfb9933da66046fa690a091e3,Citrus clementina CYP71 clan,199,sequence-missing
plants,Citrus clementina,CYP706B14,Ccl-CYP706A4-Ciclev10019712m,citrus-clementina:Citrus clementina CYP71 clan:0200,https://drnelson.uthsc.edu/Citrus.clementina.P450s.xlsx,Workbook sheet Citrus clementina CYP71 clan row 200; gene ID=Ccl-CYP706A4-Ciclev10019712m; assigned CYP name=CYP706B14; source contains names/annotations only,,plants-Citrus.clementina.P450s.xlsx,3b8d94ae02ea9733e8db640058af2b6522610becfb9933da66046fa690a091e3,Citrus clementina CYP71 clan,200,sequence-missing
plants,Citrus clementina,CYP706B13,Ccl-CYP706A5-Ciclev10000860m,citrus-clementina:Citrus clementina CYP71 clan:0201,https://drnelson.uthsc.edu/Citrus.clementina.P450s.xlsx,Workbook sheet Citrus clementina CYP71 clan row 201; gene ID=Ccl-CYP706A5-Ciclev10000860m; assigned CYP name=CYP706B13; source contains names/annotations only,,plants-Citrus.clementina.P450s.xlsx,3b8d94ae02ea9733e8db640058af2b6522610becfb9933da66046fa690a091e3,Citrus clementina CYP71 clan,201,sequence-missing
plants,Citrus clementina,CYP706J11,Ccl-CYP706A6-Ciclev10006782m,citrus-clementina:Citrus clementina CYP71 clan:0202,https://drnelson.uthsc.edu/Citrus.clementina.P450s.xlsx,Workbook sheet Citrus clementina CYP71 clan row 202; gene ID=Ccl-CYP706A6-Ciclev10006782m; assigned CYP name=CYP706J11; source contains names/annotations only,,plants-Citrus.clementina.P450s.xlsx,3b8d94ae02ea9733e8db640058af2b6522610becfb9933da66046fa690a091e3,Citrus clementina CYP71 clan,202,sequence-missing
plants,Citrus clementina,CYP706J13,Ccl-CYP706A7-Ciclev10004733m,citrus-clementina:Citrus clementina CYP71 clan:0203,https://drnelson.uthsc.edu/Citrus.clementina.P450s.xlsx,Workbook sheet Citrus clementina CYP71 clan row 203; gene ID=Ccl-CYP706A7-Ciclev10004733m; assigned CYP name=CYP706J13; source contains names/annotations only,,plants-Citrus.clementina.P450s.xlsx,3b8d94ae02ea9733e8db640058af2b6522610becfb9933da66046fa690a091e3,Citrus clementina CYP71 clan,203,sequence-missing
plants,Citrus clementina,CYP706J12,Ccl-CYP706A8-Ciclev10004717m,citrus-clementina:Citrus clementina CYP71 clan:0204,https://drnelson.uthsc.edu/Citrus.clementina.P450s.xlsx,Workbook sheet Citrus clementina CYP71 clan row 204; gene ID=Ccl-CYP706A8-Ciclev10004717m; assigned CYP name=CYP706J12; source contains names/annotations only,,plants-Citrus.clementina.P450s.xlsx,3b8d94ae02ea9733e8db640058af2b6522610becfb9933da66046fa690a091e3,Citrus clementina CYP71 clan,204,sequence-missing
plants,Citrus clementina,CYP706B8,Ccl-CYP706A9-Ciclev10014862m,citrus-clementina:Citrus clementina CYP71 clan:0205,https://drnelson.uthsc.edu/Citrus.clementina.P450s.xlsx,Workbook sheet Citrus clementina CYP71 clan row 205; gene ID=Ccl-CYP706A9-Ciclev10014862m; assigned CYP name=CYP706B8; source contains names/annotations only,,plants-Citrus.clementina.P450s.xlsx,3b8d94ae02ea9733e8db640058af2b6522610becfb9933da66046fa690a091e3,Citrus clementina CYP71 clan,205,sequence-missing
plants,Citrus clementina,CYP706B17P,Ccl-CYP706B1-Ciclev10017705m,citrus-clementina:Citrus clementina CYP71 clan:0206,https://drnelson.uthsc.edu/Citrus.clementina.P450s.xlsx,Workbook sheet Citrus clementina CYP71 clan row 206; gene ID=Ccl-CYP706B1-Ciclev10017705m; assigned CYP name=CYP706B17P; source contains names/annotations only,,plants-Citrus.clementina.P450s.xlsx,3b8d94ae02ea9733e8db640058af2b6522610becfb9933da66046fa690a091e3,Citrus clementina CYP71 clan,206,sequence-missing
plants,Citrus clementina,CYP712A15,Ccl-CYP712A1-Ciclev10004841m,citrus-clementina:Citrus clementina CYP71 clan:0207,https://drnelson.uthsc.edu/Citrus.clementina.P450s.xlsx,Workbook sheet Citrus clementina CYP71 clan row 207; gene ID=Ccl-CYP712A1-Ciclev10004841m; assigned CYP name=CYP712A15; source contains names/annotations only,,plants-Citrus.clementina.P450s.xlsx,3b8d94ae02ea9733e8db640058af2b6522610becfb9933da66046fa690a091e3,Citrus clementina CYP71 clan,207,sequence-missing
plants,Citrus clementina,CYP712C4,Ccl-CYP712A2-Ciclev10007099m,citrus-clementina:Citrus clementina CYP71 clan:0208,https://drnelson.uthsc.edu/Citrus.clementina.P450s.xlsx,Workbook sheet Citrus clementina CYP71 clan row 208; gene ID=Ccl-CYP712A2-Ciclev10007099m; assigned CYP name=CYP712C4; source contains names/annotations only,,plants-Citrus.clementina.P450s.xlsx,3b8d94ae02ea9733e8db640058af2b6522610becfb9933da66046fa690a091e3,Citrus clementina CYP71 clan,208,sequence-missing
plants,Citrus clementina,CYP712J2,Ccl-CYP712A3-Ciclev10007112m,citrus-clementina:Citrus clementina CYP71 clan:0209,https://drnelson.uthsc.edu/Citrus.clementina.P450s.xlsx,Workbook sheet Citrus clementina CYP71 clan row 209; gene ID=Ccl-CYP712A3-Ciclev10007112m; assigned CYP name=CYP712J2; source contains names/annotations only,,plants-Citrus.clementina.P450s.xlsx,3b8d94ae02ea9733e8db640058af2b6522610becfb9933da66046fa690a091e3,Citrus clementina CYP71 clan,209,sequence-missing
plants,Citrus clementina,CYP712J3,Ccl-CYP712A4-Ciclev10006903m,citrus-clementina:Citrus clementina CYP71 clan:0210,https://drnelson.uthsc.edu/Citrus.clementina.P450s.xlsx,Workbook sheet Citrus clementina CYP71 clan row 210; gene ID=Ccl-CYP712A4-Ciclev10006903m; assigned CYP name=CYP712J3; source contains names/annotations only,,plants-Citrus.clementina.P450s.xlsx,3b8d94ae02ea9733e8db640058af2b6522610becfb9933da66046fa690a091e3,Citrus clementina CYP71 clan,210,sequence-missing
